"photo-13279251_287410794";"http://cs407721.vk.me/v407721826/3e49/IsgFpleBufQ.jpg";"Мужская кофта с вырезом<br/>Цена: 450 грн.<br/>Размеры: S, M, L, XL, XXL<br/>Материал: 90%-хлопок, 10%-лайкра<br/>KS10001<br/>Черный";"Мужская кофта с вырезом";450;"KS10001";" S, M, L, XL, XXL";"Черный";"<h1>Мужская кофта с вырезом</h1><br/><b>Материал:</b> 90%-хлопок, 10%-лайкра<br/>";
"photo-13279251_287410803";"http://cs407721.vk.me/v407721826/3e52/Ucl-HAO33ys.jpg";"Мужская кофта с вырезом<br/>Цена: 450 грн.<br/>Размеры: S, M, L, XL, XXL<br/>Материал: 90%-хлопок, 10%-лайкра<br/>KS10001<br/>Темно серый";"Мужская кофта с вырезом";450;"KS10001";" S, M, L, XL, XXL";"Темно серый";"<h1>Мужская кофта с вырезом</h1><br/><b>Материал:</b> 90%-хлопок, 10%-лайкра<br/>";
"photo-13279251_287410811";"http://cs407721.vk.me/v407721826/3e5b/kx9J0TddGRU.jpg";"Мужская кофта с вырезом<br/>Цена: 450 грн.<br/>Размеры: S, M, L, XL, XXL<br/>Материал: 90%-хлопок, 10%-лайкра<br/>KS10001<br/>Серый";"Мужская кофта с вырезом";450;"KS10001";" S, M, L, XL, XXL";"Серый";"<h1>Мужская кофта с вырезом</h1><br/><b>Материал:</b> 90%-хлопок, 10%-лайкра<br/>";
"photo-13279251_287410817";"http://cs407721.vk.me/v407721826/3e64/GRDNpMY_-Qg.jpg";"Мужская кофта с вырезом<br/>Цена: 450 грн.<br/>Размеры: S, M, L, XL, XXL<br/>Материал: 90%-хлопок, 10%-лайкра<br/>KS10001<br/>Белый";"Мужская кофта с вырезом";450;"KS10001";" S, M, L, XL, XXL";"Белый";"<h1>Мужская кофта с вырезом</h1><br/><b>Материал:</b> 90%-хлопок, 10%-лайкра<br/>";
"photo-13279251_287410829";"http://cs407721.vk.me/v407721826/3e6d/0ShuXxmGeJY.jpg";"Мужская кофта с большим вырезом<br/>Цена: 450 грн.<br/>Размеры: S, M, L, XL, XXL<br/>Материал: 90%-хлопок, 10%-лайкра<br/>KS10003<br/>Черный";"Мужская кофта с большим вырезом";450;"KS10003";" S, M, L, XL, XXL";"Черный";"<h1>Мужская кофта с большим вырезом</h1><br/><b>Материал:</b> 90%-хлопок, 10%-лайкра<br/>";
"photo-13279251_287410842";"http://cs407721.vk.me/v407721826/3e76/DnSJBSgPNaE.jpg";"Мужская кофта с большим вырезом<br/>Цена: 450 грн.<br/>Размеры: S, M, L, XL, XXL<br/>Материал: 90%-хлопок, 10%-лайкра<br/>KS10003<br/>Темно серый";"Мужская кофта с большим вырезом";450;"KS10003";" S, M, L, XL, XXL";"Темно серый";"<h1>Мужская кофта с большим вырезом</h1><br/><b>Материал:</b> 90%-хлопок, 10%-лайкра<br/>";
"photo-13279251_287410849";"http://cs407721.vk.me/v407721826/3e7f/Vh2DT2LGJq0.jpg";"Мужская кофта с большим вырезом<br/>Цена: 450 грн.<br/>Размеры: S, M, L, XL, XXL<br/>Материал: 90%-хлопок, 10%-лайкра<br/>KS10003<br/>Серый";"Мужская кофта с большим вырезом";450;"KS10003";" S, M, L, XL, XXL";"Серый";"<h1>Мужская кофта с большим вырезом</h1><br/><b>Материал:</b> 90%-хлопок, 10%-лайкра<br/>";
"photo-13279251_287410860";"http://cs407721.vk.me/v407721826/3e88/JyneonqCrsU.jpg";"Мужская кофта с большим вырезом<br/>Цена: 450 грн.<br/>Размеры: S, M, L, XL, XXL<br/>Материал: 90%-хлопок, 10%-лайкра<br/>KS10003<br/>Белый";"Мужская кофта с большим вырезом";450;"KS10003";" S, M, L, XL, XXL";"Белый";"<h1>Мужская кофта с большим вырезом</h1><br/><b>Материал:</b> 90%-хлопок, 10%-лайкра<br/>";
"photo-13279251_287410866";"http://cs407721.vk.me/v407721826/3e91/-0_0uOxUffw.jpg";"Мужская кофта KueGou<br/>Цена: 450 грн.<br/>Размеры: S, M, L, XL, XXL<br/>Материал: 90%-хлопок, 10%-лайкра<br/>KS10002<br/>Черный";"Мужская кофта KueGou";450;"KS10002";" S, M, L, XL, XXL";"Черный";"<h1>Мужская кофта KueGou</h1><br/><b>Материал:</b> 90%-хлопок, 10%-лайкра<br/>";
"photo-13279251_287410878";"http://cs407721.vk.me/v407721826/3e9a/cw7ZKH3uVyE.jpg";"Мужская кофта KueGou<br/>Цена: 450 грн.<br/>Размеры: S, M, L, XL, XXL<br/>Материал: 90%-хлопок, 10%-лайкра<br/>KS10002<br/>Темно серый";"Мужская кофта KueGou";450;"KS10002";" S, M, L, XL, XXL";"Темно серый";"<h1>Мужская кофта KueGou</h1><br/><b>Материал:</b> 90%-хлопок, 10%-лайкра<br/>";
"photo-13279251_287410892";"http://cs407721.vk.me/v407721826/3ea3/vCREBgEosbU.jpg";"Мужская кофта KueGou<br/>Цена: 450 грн.<br/>Размеры: S, M, L, XL, XXL<br/>Материал: 90%-хлопок, 10%-лайкра<br/>KS10002<br/>Серый";"Мужская кофта KueGou";450;"KS10002";" S, M, L, XL, XXL";"Серый";"<h1>Мужская кофта KueGou</h1><br/><b>Материал:</b> 90%-хлопок, 10%-лайкра<br/>";
"photo-13279251_287410901";"http://cs407721.vk.me/v407721826/3eac/sbiHvr2BD44.jpg";"Мужская кофта KueGou<br/>Цена: 450 грн.<br/>Размеры: S, M, L, XL, XXL<br/>Материал: 90%-хлопок, 10%-лайкра<br/>KS10002<br/>Белый";"Мужская кофта KueGou";450;"KS10002";" S, M, L, XL, XXL";"Белый";"<h1>Мужская кофта KueGou</h1><br/><b>Материал:</b> 90%-хлопок, 10%-лайкра<br/>";
"photo-13279251_287410908";"http://cs407721.vk.me/v407721826/3eb5/mfSfPYKLwP4.jpg";"Мужская кофта KueGou<br/>Цена: 450 грн.<br/>Размеры: S, M, L, XL, XXL<br/>Материал: 90%-хлопок, 10%-лайкра<br/>KS10002<br/>Синий";"Мужская кофта KueGou";450;"KS10002";" S, M, L, XL, XXL";"Синий";"<h1>Мужская кофта KueGou</h1><br/><b>Материал:</b> 90%-хлопок, 10%-лайкра<br/>";
"photo-13279251_287410915";"http://cs407721.vk.me/v407721826/3ebe/eCv1Fr2FZN8.jpg";"Мужская кофта KueGou<br/>Цена: 450 грн.<br/>Размеры: S, M, L, XL, XXL<br/>Материал: 90%-хлопок, 10%-лайкра<br/>KS10002<br/>Хаки";"Мужская кофта KueGou";450;"KS10002";" S, M, L, XL, XXL";"Хаки";"<h1>Мужская кофта KueGou</h1><br/><b>Материал:</b> 90%-хлопок, 10%-лайкра<br/>";
"photo-13279251_287410919";"http://cs407721.vk.me/v407721826/3ec7/ghQC1rrwmhk.jpg";"Мужская кофта KueGou<br/>Цена: 450 грн.<br/>Размеры: S, M, L, XL, XXL<br/>Материал: 90%-хлопок, 10%-лайкра<br/>KS10002<br/>Бордовый";"Мужская кофта KueGou";450;"KS10002";" S, M, L, XL, XXL";"Бордовый";"<h1>Мужская кофта KueGou</h1><br/><b>Материал:</b> 90%-хлопок, 10%-лайкра<br/>";
"photo-13279251_287410947";"http://cs407721.vk.me/v407721826/3ef0/mWwB8zX5ZZo.jpg";"Мужской свитер с вырезом<br/>Цена: 400 грн.<br/>Размеры: S M L XL<br/>Материал: 95%-хлопок, 5%-лайкра<br/>KS10004";"Мужской свитер с вырезом";400;"KS10004";" S M L XL";;"<h1>Мужской свитер с вырезом</h1><br/><b>Материал:</b> 95%-хлопок, 5%-лайкра<br/>";"Missing colour;"
"photo-13279251_287410953";"http://cs407721.vk.me/v407721826/3ef7/RwR6DlMKm7c.jpg";"Мужской свитер с вырезом<br/>Цена: 400 грн.<br/>Размеры: S M L XL<br/>Материал: 95%-хлопок, 5%-лайкра<br/>KS10004<br/>Черный";"Мужской свитер с вырезом";400;"KS10004";" S M L XL";"Черный";"<h1>Мужской свитер с вырезом</h1><br/><b>Материал:</b> 95%-хлопок, 5%-лайкра<br/>";
"photo-13279251_287410965";"http://cs407721.vk.me/v407721826/3eff/r_EdyAH92iU.jpg";"Мужской свитер с вырезом<br/>Цена: 400 грн.<br/>Размеры: S M L XL<br/>Материал: 95%-хлопок, 5%-лайкра<br/>KS10004<br/>Бордовый";"Мужской свитер с вырезом";400;"KS10004";" S M L XL";"Бордовый";"<h1>Мужской свитер с вырезом</h1><br/><b>Материал:</b> 95%-хлопок, 5%-лайкра<br/>";
"photo-13279251_287410972";"http://cs407721.vk.me/v407721826/3f07/yVuAdf1Xcqg.jpg";"Мужской свитер с вырезом<br/>Цена: 400 грн.<br/>Размеры: S M L XL<br/>Материал: 95%-хлопок, 5%-лайкра<br/>KS10004<br/>Белый";"Мужской свитер с вырезом";400;"KS10004";" S M L XL";"Белый";"<h1>Мужской свитер с вырезом</h1><br/><b>Материал:</b> 95%-хлопок, 5%-лайкра<br/>";
"photo-13279251_287410979";"http://cs407721.vk.me/v407721826/3f0f/80BvCYkGDYo.jpg";"Мужской свитер с вырезом<br/>Цена: 400 грн.<br/>Размеры: S M L XL<br/>Материал: 95%-хлопок, 5%-лайкра<br/>KS10004<br/>Серый";"Мужской свитер с вырезом";400;"KS10004";" S M L XL";"Серый";"<h1>Мужской свитер с вырезом</h1><br/><b>Материал:</b> 95%-хлопок, 5%-лайкра<br/>";
"photo-13279251_287410984";"http://cs407721.vk.me/v407721826/3f17/JplKMJC_tW8.jpg";"Мужской свитер с вырезом<br/>Цена: 400 грн.<br/>Размеры: S M L XL<br/>Материал: 95%-хлопок, 5%-лайкра<br/>KS10004<br/>Синий";"Мужской свитер с вырезом";400;"KS10004";" S M L XL";"Синий";"<h1>Мужской свитер с вырезом</h1><br/><b>Материал:</b> 95%-хлопок, 5%-лайкра<br/>";
"photo-13279251_287410988";"http://cs407721.vk.me/v407721826/3f1f/2f_9KUQ5U6o.jpg";"Мужской свитер с вырезом<br/>Цена: 400 грн.<br/>Размеры: S M L XL<br/>Материал: 95%-хлопок, 5%-лайкра<br/>KS10004<br/>Темно серый";"Мужской свитер с вырезом";400;"KS10004";" S M L XL";"Темно серый";"<h1>Мужской свитер с вырезом</h1><br/><b>Материал:</b> 95%-хлопок, 5%-лайкра<br/>";
"photo-13279251_287410998";"http://cs407721.vk.me/v407721826/3f35/upVFIi83nmE.jpg";"Мужской свитер с большим воротником<br/>Цена: 400 грн.<br/>Размеры: S M L XL<br/>Материал: 95%-хлопок, 5%-лайкра<br/>KS10005";"Мужской свитер с большим воротником";400;"KS10005";" S M L XL";;"<h1>Мужской свитер с большим воротником</h1><br/><b>Материал:</b> 95%-хлопок, 5%-лайкра<br/>";"Missing colour;"
"photo-13279251_381572155";"http://cs540103.vk.me/c540101/v540101826/55080/esWAgMeTCLo.jpg";"Мужской свитер с большим воротником<br/>Цена: 400 грн.<br/>Размеры: S M L XL<br/>Материал: 95%-хлопок, 5%-лайкра<br/>KS10005<br/>Черный";"Мужской свитер с большим воротником";400;"KS10005";" S M L XL";"Черный";"<h1>Мужской свитер с большим воротником</h1><br/><b>Материал:</b> 95%-хлопок, 5%-лайкра<br/>";
"photo-13279251_381572154";"http://cs540103.vk.me/c540101/v540101826/55078/EFmkGIuIOxI.jpg";"Мужской свитер с большим воротником<br/>Цена: 400 грн.<br/>Размеры: S M L XL<br/>Материал: 95%-хлопок, 5%-лайкра<br/>KS10005<br/>Синий";"Мужской свитер с большим воротником";400;"KS10005";" S M L XL";"Синий";"<h1>Мужской свитер с большим воротником</h1><br/><b>Материал:</b> 95%-хлопок, 5%-лайкра<br/>";
"photo-13279251_287410993";"http://cs407721.vk.me/v407721826/3f27/JzPL2Gv9tEE.jpg";"Мужской свитер с большим воротником<br/>Цена: 400 грн.<br/>Размеры: S M L XL<br/>Материал: 95%-хлопок, 5%-лайкра<br/>KS10005";"Мужской свитер с большим воротником";400;"KS10005";" S M L XL";;"<h1>Мужской свитер с большим воротником</h1><br/><b>Материал:</b> 95%-хлопок, 5%-лайкра<br/>";"Missing colour;"
"photo-13279251_381572156";"http://cs540103.vk.me/c540101/v540101826/55088/5SMrIkrFm5c.jpg";"Мужской свитер с большим воротником<br/>Цена: 400 грн.<br/>Размеры: S M L XL<br/>Материал: 95%-хлопок, 5%-лайкра<br/>KS10005<br/>Бордовый";"Мужской свитер с большим воротником";400;"KS10005";" S M L XL";"Бордовый";"<h1>Мужской свитер с большим воротником</h1><br/><b>Материал:</b> 95%-хлопок, 5%-лайкра<br/>";
"photo-13279251_381572159";"http://cs540103.vk.me/c540101/v540101826/55098/CnvnAegK6P0.jpg";"Мужской свитер с большим воротником<br/>Цена: 400 грн.<br/>Размеры: S M L XL<br/>Материал: 95%-хлопок, 5%-лайкра<br/>KS10005<br/>Темно серый";"Мужской свитер с большим воротником";400;"KS10005";" S M L XL";"Темно серый";"<h1>Мужской свитер с большим воротником</h1><br/><b>Материал:</b> 95%-хлопок, 5%-лайкра<br/>";
"photo-13279251_287410994";"http://cs407721.vk.me/v407721826/3f2e/10xk5yI2lvI.jpg";"Мужской свитер с большим воротником<br/>Цена: 400 грн.<br/>Размеры: S M L XL<br/>Материал: 95%-хлопок, 5%-лайкра<br/>KS10005";"Мужской свитер с большим воротником";400;"KS10005";" S M L XL";;"<h1>Мужской свитер с большим воротником</h1><br/><b>Материал:</b> 95%-хлопок, 5%-лайкра<br/>";"Missing colour;"
"photo-13279251_381572157";"http://cs540103.vk.me/c540101/v540101826/55090/sXSw1jXRcIU.jpg";"Мужской свитер с большим воротником<br/>Цена: 400 грн.<br/>Размеры: S M L XL<br/>Материал: 95%-хлопок, 5%-лайкра<br/>KS10005<br/>Коричневый";"Мужской свитер с большим воротником";400;"KS10005";" S M L XL";"Коричневый";"<h1>Мужской свитер с большим воротником</h1><br/><b>Материал:</b> 95%-хлопок, 5%-лайкра<br/>";
"photo-13279251_381572151";"http://cs540103.vk.me/c540101/v540101826/55070/1yg8P8uQPlU.jpg";"Мужской свитер с большим воротником<br/>Цена: 400 грн.<br/>Размеры: S M L XL<br/>Материал: 95%-хлопок, 5%-лайкра<br/>KS10005<br/>Белый";"Мужской свитер с большим воротником";400;"KS10005";" S M L XL";"Белый";"<h1>Мужской свитер с большим воротником</h1><br/><b>Материал:</b> 95%-хлопок, 5%-лайкра<br/>";
"photo-13279251_287411000";"http://cs407721.vk.me/v407721826/3f3c/wLo3zcr6mfk.jpg";"Мужской свитер с вырезом классический<br/>Цена: 400 грн.<br/>Размеры: S M L XL<br/>Материал: хлопое<br/>KS10006";"Мужской свитер с вырезом классический";400;"KS10006";" S M L XL";;"<h1>Мужской свитер с вырезом классический</h1><br/><b>Материал:</b> хлопое<br/>";"Missing colour;"
"photo-13279251_287411004";"http://cs407721.vk.me/v407721826/3f44/_a9gz1F9MII.jpg";"Мужской свитер с вырезом классический<br/>Цена: 400 грн.<br/>Размеры: S M L XL<br/>Материал: хлопое<br/>KS10006<br/>Серый";"Мужской свитер с вырезом классический";400;"KS10006";" S M L XL";"Серый";"<h1>Мужской свитер с вырезом классический</h1><br/><b>Материал:</b> хлопое<br/>";
"photo-13279251_287411012";"http://cs407721.vk.me/v407721826/3f4c/tcSCjuH6Y5E.jpg";"Мужской свитер с вырезом классический<br/>Цена: 400 грн.<br/>Размеры: S M L XL<br/>Материал: хлопое<br/>KS10006<br/>Темно серый";"Мужской свитер с вырезом классический";400;"KS10006";" S M L XL";"Темно серый";"<h1>Мужской свитер с вырезом классический</h1><br/><b>Материал:</b> хлопое<br/>";
"photo-13279251_287411016";"http://cs407721.vk.me/v407721826/3f54/WnnqLieyxpc.jpg";"Мужской свитер с вырезом классический<br/>Цена: 400 грн.<br/>Размеры: S M L XL<br/>Материал: хлопое<br/>KS10006<br/>Черный";"Мужской свитер с вырезом классический";400;"KS10006";" S M L XL";"Черный";"<h1>Мужской свитер с вырезом классический</h1><br/><b>Материал:</b> хлопое<br/>";
"photo-13279251_287411020";"http://cs407721.vk.me/v407721826/3f5c/EUKDEnQFiDA.jpg";"Мужской свитер с вырезом классический<br/>Цена: 400 грн.<br/>Размеры: S M L XL<br/>Материал: хлопое<br/>KS10006<br/>Бордовый";"Мужской свитер с вырезом классический";400;"KS10006";" S M L XL";"Бордовый";"<h1>Мужской свитер с вырезом классический</h1><br/><b>Материал:</b> хлопое<br/>";
"photo-13279251_287411023";"http://cs407721.vk.me/v407721826/3f64/kjv8zE0Ulvw.jpg";"Мужской свитер с вырезом классический<br/>Цена: 400 грн.<br/>Размеры: S M L XL<br/>Материал: хлопое<br/>KS10006<br/>Коричневый";"Мужской свитер с вырезом классический";400;"KS10006";" S M L XL";"Коричневый";"<h1>Мужской свитер с вырезом классический</h1><br/><b>Материал:</b> хлопое<br/>";
"photo-13279251_287411028";"http://cs407721.vk.me/v407721826/3f6c/LGuOgZMT818.jpg";"Мужской свитер с вырезом классический<br/>Цена: 400 грн.<br/>Размеры: S M L XL<br/>Материал: хлопое<br/>KS10006<br/>Коричневый";"Мужской свитер с вырезом классический";400;"KS10006";" S M L XL";"Коричневый";"<h1>Мужской свитер с вырезом классический</h1><br/><b>Материал:</b> хлопое<br/>";
"photo-13279251_287411107";"http://cs407721.vk.me/v407721826/3fac/4rjLOlt1U_Y.jpg";"Мужской свитер с большим воротником<br/>Цена: 420 грн.<br/>Размеры: S M L XL<br/>Материал: хлопок<br/>KS10007<br/>Серый";"Мужской свитер с большим воротником";420;"KS10007";" S M L XL";"Серый";"<h1>Мужской свитер с большим воротником</h1><br/><b>Материал:</b> хлопок<br/>";
"photo-13279251_287411117";"http://cs407721.vk.me/v407721826/3fb5/4M09it71fC8.jpg";"Мужской свитер с большим воротником<br/>Цена: 420 грн.<br/>Размеры: S M L XL<br/>Материал: хлопок<br/>KS10007<br/>Серый";"Мужской свитер с большим воротником";420;"KS10007";" S M L XL";"Серый";"<h1>Мужской свитер с большим воротником</h1><br/><b>Материал:</b> хлопок<br/>";
"photo-13279251_287411133";"http://cs407721.vk.me/v407721826/3fbc/GSXyhQszmlo.jpg";"Мужской свитер с большим воротником<br/>Цена: 420 грн.<br/>Размеры: S M L XL<br/>Материал: хлопок<br/>KS10007<br/>Коричневый";"Мужской свитер с большим воротником";420;"KS10007";" S M L XL";"Коричневый";"<h1>Мужской свитер с большим воротником</h1><br/><b>Материал:</b> хлопок<br/>";
"photo-13279251_287411149";"http://cs407721.vk.me/v407721826/3fc4/RUFUsoLMk7s.jpg";"Мужской свитер с большим воротником<br/>Цена: 420 грн.<br/>Размеры: S M L XL<br/>Материал: хлопок<br/>KS10007<br/>Коричневый";"Мужской свитер с большим воротником";420;"KS10007";" S M L XL";"Коричневый";"<h1>Мужской свитер с большим воротником</h1><br/><b>Материал:</b> хлопок<br/>";
"photo-13279251_287411161";"http://cs407721.vk.me/v407721826/3fcc/k8_4AWJLHV4.jpg";"Мужской свитер с большим воротником<br/>Цена: 420 грн.<br/>Размеры: S M L XL<br/>Материал: хлопок<br/>KS10007<br/>Темно серый";"Мужской свитер с большим воротником";420;"KS10007";" S M L XL";"Темно серый";"<h1>Мужской свитер с большим воротником</h1><br/><b>Материал:</b> хлопок<br/>";
"photo-13279251_287411178";"http://cs407721.vk.me/v407721826/3fd4/TdDW3LnDHjs.jpg";"Мужской свитер с большим воротником<br/>Цена: 420 грн.<br/>Размеры: S M L XL<br/>Материал: хлопок<br/>KS10007<br/>Темно серый";"Мужской свитер с большим воротником";420;"KS10007";" S M L XL";"Темно серый";"<h1>Мужской свитер с большим воротником</h1><br/><b>Материал:</b> хлопок<br/>";
"photo-13279251_287411182";"http://cs407721.vk.me/v407721826/3fdc/nQ5yAJWRZug.jpg";"Мужской свитер с большим воротником<br/>Цена: 420 грн.<br/>Размеры: S M L XL<br/>Материал: хлопок<br/>KS10007<br/>Черный";"Мужской свитер с большим воротником";420;"KS10007";" S M L XL";"Черный";"<h1>Мужской свитер с большим воротником</h1><br/><b>Материал:</b> хлопок<br/>";
"photo-13279251_287411294";"http://cs407721.vk.me/v407721826/406a/NZ0BFKnFEDM.jpg";"Мужской модный кардиган<br/>Цена: 550 грн.<br/>Размеры: S M L XL<br/>Материал: хлопок<br/>KS10010";"Мужской модный кардиган";550;"KS10010";" S M L XL";;"<h1>Мужской модный кардиган</h1><br/><b>Материал:</b> хлопок<br/>";"Missing colour;"
"photo-13279251_287411302";"http://cs407721.vk.me/v407721826/4071/2g_d1PxMAIQ.jpg";"Мужской модный кардиган<br/>Цена: 550 грн.<br/>Размеры: S M L XL<br/>Материал: хлопок<br/>KS10010<br/>Черный";"Мужской модный кардиган";550;"KS10010";" S M L XL";"Черный";"<h1>Мужской модный кардиган</h1><br/><b>Материал:</b> хлопок<br/>";
"photo-13279251_287411311";"http://cs407721.vk.me/v407721826/4078/KczI2CzRbmk.jpg";"Мужской модный кардиган<br/>Цена: 550 грн.<br/>Размеры: S M L XL<br/>Материал: хлопок<br/>KS10010<br/>Черный";"Мужской модный кардиган";550;"KS10010";" S M L XL";"Черный";"<h1>Мужской модный кардиган</h1><br/><b>Материал:</b> хлопок<br/>";
"photo-13279251_287411321";"http://cs407721.vk.me/v407721826/4080/_15JuvRT9Vo.jpg";"Мужской модный кардиган<br/>Цена: 550 грн.<br/>Размеры: S M L XL<br/>Материал: хлопок<br/>KS10010<br/>Светло серый";"Мужской модный кардиган";550;"KS10010";" S M L XL";"Светло серый";"<h1>Мужской модный кардиган</h1><br/><b>Материал:</b> хлопок<br/>";
"photo-13279251_287411326";"http://cs407721.vk.me/v407721826/4088/cgBQEqOfYxA.jpg";"Мужской модный кардиган<br/>Цена: 550 грн.<br/>Размеры: S M L XL<br/>Материал: хлопок<br/>KS10010<br/>Серый";"Мужской модный кардиган";550;"KS10010";" S M L XL";"Серый";"<h1>Мужской модный кардиган</h1><br/><b>Материал:</b> хлопок<br/>";
"photo-13279251_287411336";"http://cs407721.vk.me/v407721826/4090/pDw87wkv5Dc.jpg";"Мужской модный кардиган<br/>Цена: 550 грн.<br/>Размеры: S M L XL<br/>Материал: хлопок<br/>KS10010<br/>Серый";"Мужской модный кардиган";550;"KS10010";" S M L XL";"Серый";"<h1>Мужской модный кардиган</h1><br/><b>Материал:</b> хлопок<br/>";
"photo-13279251_289343572";"http://cs407723.vk.me/v407723826/36b5/v7dgGcRq-OI.jpg";"Свитер с оленями <br/>Цена: 600грн<br/>Размеры: S M L<br/>Материал: хлопок<br/>KS10014<br/>Серый";"Свитер с оленями ";600;"KS10014";" S M L";"Серый";"<h1>Свитер с оленями </h1><br/><b>Материал:</b> хлопок<br/>";
"photo-13279251_289343575";"http://cs407723.vk.me/v407723826/36c5/whyxXEeh9iU.jpg";"Свитер с оленями <br/>Цена: 600грн<br/>Размеры: S M L<br/>Материал: хлопок<br/>KS10014<br/>Серый";"Свитер с оленями ";600;"KS10014";" S M L";"Серый";"<h1>Свитер с оленями </h1><br/><b>Материал:</b> хлопок<br/>";
"photo-13279251_289343577";"http://cs407723.vk.me/v407723826/36cc/WDBPkiOSxBk.jpg";"Свитер с оленями <br/>Цена: 600грн<br/>Размеры: S M L<br/>Материал: хлопок<br/>KS10014<br/>Серый";"Свитер с оленями ";600;"KS10014";" S M L";"Серый";"<h1>Свитер с оленями </h1><br/><b>Материал:</b> хлопок<br/>";
"photo-13279251_289343574";"http://cs407723.vk.me/v407723826/36bd/iupARh0bnO4.jpg";"Свитер с оленями <br/>Цена: 600грн<br/>Размеры: S M L<br/>Материал: хлопок<br/>KS10014<br/>Серый";"Свитер с оленями ";600;"KS10014";" S M L";"Серый";"<h1>Свитер с оленями </h1><br/><b>Материал:</b> хлопок<br/>";
"photo-13279251_289343580";"http://cs407723.vk.me/v407723826/36d4/yUU2Zh_rJVY.jpg";"Свитер с оленями <br/>Цена: 600грн<br/>Размеры: S M L<br/>Материал: хлопок<br/>KS10014<br/>Серый";"Свитер с оленями ";600;"KS10014";" S M L";"Серый";"<h1>Свитер с оленями </h1><br/><b>Материал:</b> хлопок<br/>";
"photo-13279251_290108938";"http://cs306915.vk.me/v306915826/e4e/nRVToY-4ozc.jpg";"Свитер с оленями <br/>Цена: 600грн<br/>Размеры: S M L<br/>Материал: хлопок<br/>KS10014<br/>Синий";"Свитер с оленями ";600;"KS10014";" S M L";"Синий";"<h1>Свитер с оленями </h1><br/><b>Материал:</b> хлопок<br/>";
"photo-13279251_290109289";"http://cs306915.vk.me/v306915826/f27/toBdIZE-2vw.jpg";"Свитер с оленями <br/>Цена: 600грн<br/>Размеры: S M L<br/>Материал: хлопок<br/>KS10014<br/>Синий";"Свитер с оленями ";600;"KS10014";" S M L";"Синий";"<h1>Свитер с оленями </h1><br/><b>Материал:</b> хлопок<br/>";
"photo-13279251_290108939";"http://cs306915.vk.me/v306915826/e57/8ViYbArrKHk.jpg";"Свитер с оленями <br/>Цена: 600грн<br/>Размеры: S M L<br/>Материал: хлопок<br/>KS10014<br/>Синий";"Свитер с оленями ";600;"KS10014";" S M L";"Синий";"<h1>Свитер с оленями </h1><br/><b>Материал:</b> хлопок<br/>";
"photo-13279251_290109288";"http://cs306915.vk.me/v306915826/f1f/MANeUmvl9LE.jpg";"Свитер с оленями <br/>Цена: 600грн<br/>Размеры: S M L<br/>Материал: хлопок<br/>KS10014<br/>Белый";"Свитер с оленями ";600;"KS10014";" S M L";"Белый";"<h1>Свитер с оленями </h1><br/><b>Материал:</b> хлопок<br/>";
"photo-13279251_290108840";"http://cs306915.vk.me/v306915826/e37/4X_W5vb8tLI.jpg";"Зимний классический свитер <br/>Цена: 605 грн.<br/>Размеры: S M L<br/>Материал: хлопок<br/>KS10016<br/>Серый";"Зимний классический свитер ";605;"KS10016";" S M L";"Серый";"<h1>Зимний классический свитер </h1><br/><b>Материал:</b> хлопок<br/>";
"photo-13279251_290108842";"http://cs306915.vk.me/v306915826/e3e/ez-YkCk77P8.jpg";"Зимний классический свитер <br/>Цена: 605 грн.<br/>Размеры: S M L<br/>Материал: хлопок<br/>KS10016<br/>Серый";"Зимний классический свитер ";605;"KS10016";" S M L";"Серый";"<h1>Зимний классический свитер </h1><br/><b>Материал:</b> хлопок<br/>";
"photo-13279251_290108836";"http://cs306915.vk.me/v306915826/e29/_NFuOmAT-50.jpg";"Зимний классический свитер <br/>Цена: 605 грн.<br/>Размеры: S M L<br/>Материал: хлопок<br/>KS10016<br/>Черный";"Зимний классический свитер ";605;"KS10016";" S M L";"Черный";"<h1>Зимний классический свитер </h1><br/><b>Материал:</b> хлопок<br/>";
"photo-13279251_290108838";"http://cs306915.vk.me/v306915826/e30/GqwlyofFZko.jpg";"Зимний классический свитер <br/>Цена: 605 грн.<br/>Размеры: S M L<br/>Материал: хлопок<br/>KS10016<br/>Черный";"Зимний классический свитер ";605;"KS10016";" S M L";"Черный";"<h1>Зимний классический свитер </h1><br/><b>Материал:</b> хлопок<br/>";
"photo-13279251_290109051";"http://cs306915.vk.me/v306915826/e6e/kJnqgVXQcQ4.jpg";"Зимний классический свитер <br/>Цена: 605 грн.<br/>Размеры: S M L<br/>Материал: хлопок<br/>KS10016<br/>Коричневый";"Зимний классический свитер ";605;"KS10016";" S M L";"Коричневый";"<h1>Зимний классический свитер </h1><br/><b>Материал:</b> хлопок<br/>";
"photo-13279251_290109053";"http://cs306915.vk.me/v306915826/e76/uu3PgXDB9GA.jpg";"Зимний классический свитер <br/>Цена: 605 грн.<br/>Размеры: S M L<br/>Материал: хлопок<br/>KS10016<br/>Коричневый";"Зимний классический свитер ";605;"KS10016";" S M L";"Коричневый";"<h1>Зимний классический свитер </h1><br/><b>Материал:</b> хлопок<br/>";
"photo-13279251_290109056";"http://cs306915.vk.me/v306915826/e7e/gTT5gxxU420.jpg";"Зимний классический свитер <br/>Цена: 605 грн.<br/>Размеры: S M L<br/>Материал: хлопок<br/>KS10016<br/>Темно серый";"Зимний классический свитер ";605;"KS10016";" S M L";"Темно серый";"<h1>Зимний классический свитер </h1><br/><b>Материал:</b> хлопок<br/>";
"photo-13279251_299278160";"http://cs407321.vk.me/v407321826/73d1/Qb3QKeodxfM.jpg";"Мужской двух цветной кофта-кардиган<br/>Цена: 760грн<br/>Размеры: XS-XL<br/>Материал: хлопок<br/>KS10023<br/>Синий";"Мужской двух цветной кофта-кардиган";760;"KS10023";" XS-XL";"Синий";"<h1>Мужской двух цветной кофта-кардиган</h1><br/><b>Материал:</b> хлопок<br/>";
"photo-13279251_299278169";"http://cs407321.vk.me/v407321826/73e3/5Nu6Unl3ZC8.jpg";"Мужской двух цветной кофта-кардиган<br/>Цена: 760грн<br/>Размеры: XS-XL<br/>Материал: хлопок<br/>KS10023<br/>Синий";"Мужской двух цветной кофта-кардиган";760;"KS10023";" XS-XL";"Синий";"<h1>Мужской двух цветной кофта-кардиган</h1><br/><b>Материал:</b> хлопок<br/>";
"photo-13279251_299278163";"http://cs407321.vk.me/v407321826/73da/M8zIHcpVBws.jpg";"Мужской двух цветной кофта-кардиган<br/>Цена: 760грн<br/>Размеры: XS-XL<br/>Материал: хлопок<br/>KS10023<br/>Белый";"Мужской двух цветной кофта-кардиган";760;"KS10023";" XS-XL";"Белый";"<h1>Мужской двух цветной кофта-кардиган</h1><br/><b>Материал:</b> хлопок<br/>";
"photo-13279251_299278178";"http://cs407321.vk.me/v407321826/73ec/nz_TWBXa1is.jpg";"Мужской двух цветной кофта-кардиган<br/>Цена: 760грн<br/>Размеры: XS-XL<br/>Материал: хлопок<br/>KS10023<br/>Белый";"Мужской двух цветной кофта-кардиган";760;"KS10023";" XS-XL";"Белый";"<h1>Мужской двух цветной кофта-кардиган</h1><br/><b>Материал:</b> хлопок<br/>";
"photo-13279251_308051231";"http://cs320118.vk.me/v320118826/63d9/kfsv5oDifh4.jpg";"Мужской легко вязанный свитер с вырезом<br/>Цена: 570 грн.<br/>Размеры: S M L XL<br/>Материал: хлопок<br/>KS10024";"Мужской легко вязанный свитер с вырезом";570;"KS10024";" S M L XL";;"<h1>Мужской легко вязанный свитер с вырезом</h1><br/><b>Материал:</b> хлопок<br/>";"Missing colour;"
"photo-13279251_308051238";"http://cs320118.vk.me/v320118826/63ea/CBEBBeQnpZQ.jpg";"Мужской легко вязанный свитер с вырезом<br/>Цена: 570 грн.<br/>Размеры: S M L XL<br/>Материал: хлопок<br/>KS10024<br/>Черный";"Мужской легко вязанный свитер с вырезом";570;"KS10024";" S M L XL";"Черный";"<h1>Мужской легко вязанный свитер с вырезом</h1><br/><b>Материал:</b> хлопок<br/>";
"photo-13279251_308051237";"http://cs320118.vk.me/v320118826/63e1/N0ACMLRW8hU.jpg";"Мужской легко вязанный свитер с вырезом<br/>Цена: 570 грн.<br/>Размеры: S M L XL<br/>Материал: хлопок<br/>KS10024<br/>Серый";"Мужской легко вязанный свитер с вырезом";570;"KS10024";" S M L XL";"Серый";"<h1>Мужской легко вязанный свитер с вырезом</h1><br/><b>Материал:</b> хлопок<br/>";
"photo-13279251_308051225";"http://cs320118.vk.me/v320118826/63c7/kLpU9Fcw95w.jpg";"Мужской легко вязанный свитер с вырезом<br/>Цена: 570 грн.<br/>Размеры: S M L XL<br/>Материал: хлопок<br/>KS10024<br/>Серый";"Мужской легко вязанный свитер с вырезом";570;"KS10024";" S M L XL";"Серый";"<h1>Мужской легко вязанный свитер с вырезом</h1><br/><b>Материал:</b> хлопок<br/>";
"photo-13279251_308051228";"http://cs320118.vk.me/v320118826/63d0/TN4zI9LwgCs.jpg";"Мужской легко вязанный свитер с вырезом<br/>Цена: 570 грн.<br/>Размеры: S M L XL<br/>Материал: хлопок<br/>KS10024<br/>Светло серый";"Мужской легко вязанный свитер с вырезом";570;"KS10024";" S M L XL";"Светло серый";"<h1>Мужской легко вязанный свитер с вырезом</h1><br/><b>Материал:</b> хлопок<br/>";
"photo-13279251_308531540";"http://cs413829.vk.me/v413829826/2150/6aGs-ESXeBw.jpg";"Мужская кофта с небольшым вырезом<br/>Цена: 465 грн.<br/>Размеры: S, M, L, XL<br/>Материал: 90%-хлопок, 10%-лайкра<br/>KS10025<br/>Черный";"Мужская кофта с небольшым вырезом";465;"KS10025";" S, M, L, XL";"Черный";"<h1>Мужская кофта с небольшым вырезом</h1><br/><b>Материал:</b> 90%-хлопок, 10%-лайкра<br/>";
"photo-13279251_308531545";"http://cs413829.vk.me/v413829826/2159/VhcTEZNBybw.jpg";"Мужская кофта с небольшым вырезом<br/>Цена: 465 грн.<br/>Размеры: S, M, L, XL<br/>Материал: 90%-хлопок, 10%-лайкра<br/>KS10025<br/>Серый";"Мужская кофта с небольшым вырезом";465;"KS10025";" S, M, L, XL";"Серый";"<h1>Мужская кофта с небольшым вырезом</h1><br/><b>Материал:</b> 90%-хлопок, 10%-лайкра<br/>";
"photo-13279251_308531547";"http://cs413829.vk.me/v413829826/2162/mqggrBF7nMQ.jpg";"Мужская кофта с небольшым вырезом<br/>Цена: 465 грн.<br/>Размеры: S, M, L, XL<br/>Материал: 90%-хлопок, 10%-лайкра<br/>KS10025<br/>Белый";"Мужская кофта с небольшым вырезом";465;"KS10025";" S, M, L, XL";"Белый";"<h1>Мужская кофта с небольшым вырезом</h1><br/><b>Материал:</b> 90%-хлопок, 10%-лайкра<br/>";
"photo-13279251_308531536";"http://cs413829.vk.me/v413829826/2147/prhsCpNpXr0.jpg";"Мужская кофта с небольшым вырезом<br/>Цена: 465 грн.<br/>Размеры: S, M, L, XL<br/>Материал: 90%-хлопок, 10%-лайкра<br/>KS10025<br/>Коричневый";"Мужская кофта с небольшым вырезом";465;"KS10025";" S, M, L, XL";"Коричневый";"<h1>Мужская кофта с небольшым вырезом</h1><br/><b>Материал:</b> 90%-хлопок, 10%-лайкра<br/>";
"photo-13279251_308531529";"http://cs413829.vk.me/v413829826/213e/4S-7YMpNUNQ.jpg";"Мужская кофта с небольшым вырезом<br/>Цена: 465 грн.<br/>Размеры: S, M, L, XL<br/>Материал: 90%-хлопок, 10%-лайкра<br/>KS10025<br/>Зеленый";"Мужская кофта с небольшым вырезом";465;"KS10025";" S, M, L, XL";"Зеленый";"<h1>Мужская кофта с небольшым вырезом</h1><br/><b>Материал:</b> 90%-хлопок, 10%-лайкра<br/>";
"photo-13279251_308531741";"http://cs413829.vk.me/v413829826/216b/4Xj742V88p0.jpg";"Кофта тельняшка мужская<br/>Цена: 470 грн.<br/>Размеры: S, M, L, XL<br/>Материал: 90%-хлопок, 10%-лайкра<br/>KS10026<br/>Серый";"Кофта тельняшка мужская";470;"KS10026";" S, M, L, XL";"Серый";"<h1>Кофта тельняшка мужская</h1><br/><b>Материал:</b> 90%-хлопок, 10%-лайкра<br/>";
"photo-13279251_308531746";"http://cs413829.vk.me/v413829826/217d/jdAEfWTMjos.jpg";"Кофта тельняшка мужская<br/>Цена: 470 грн.<br/>Размеры: S, M, L, XL<br/>Материал: 90%-хлопок, 10%-лайкра<br/>KS10026<br/>Синий";"Кофта тельняшка мужская";470;"KS10026";" S, M, L, XL";"Синий";"<h1>Кофта тельняшка мужская</h1><br/><b>Материал:</b> 90%-хлопок, 10%-лайкра<br/>";
"photo-13279251_308531744";"http://cs413829.vk.me/v413829826/2174/0CygWJnprck.jpg";"Кофта тельняшка мужская<br/>Цена: 470 грн.<br/>Размеры: S, M, L, XL<br/>Материал: 90%-хлопок, 10%-лайкра<br/>KS10026<br/>Красный";"Кофта тельняшка мужская";470;"KS10026";" S, M, L, XL";"Красный";"<h1>Кофта тельняшка мужская</h1><br/><b>Материал:</b> 90%-хлопок, 10%-лайкра<br/>";
"photo-13279251_308531748";"http://cs413829.vk.me/v413829826/2186/hZowU5U_UpM.jpg";"Цена: 210 грн.<br/>Размеры: S-XL<br/>Материл: хлопок<br/>KS10026";"Цена: 210 грн.";;"KS10026";" S-XL";;"<h1>Цена: 210 грн.</h1><br/><b>Материл:</b> хлопок<br/>";"Missing name;Missing colour;Missing price;"
"photo-13279251_308532130";"http://cs413829.vk.me/v413829826/2197/jhqp0TikxdU.jpg";"Кофта тельняшка мужская<br/>Цена: 470 грн.<br/>Размеры: S, M, L, XL<br/>Материал: 90%-хлопок, 10%-лайкра<br/>KS10026<br/>Черный";"Кофта тельняшка мужская";470;"KS10026";" S, M, L, XL";"Черный";"<h1>Кофта тельняшка мужская</h1><br/><b>Материал:</b> 90%-хлопок, 10%-лайкра<br/>";
"photo-13279251_308532874";"http://cs413829.vk.me/v413829826/229d/LpaXmYnA58E.jpg";"Качественная мужская кофта с вырезом<br/>Цена: 470 грн.<br/>Размеры: S, M, L, XL<br/>Материал: 90%-хлопок, 10%-лайкра<br/>KS10029<br/>Рыжий";"Качественная мужская кофта с вырезом";470;"KS10029";" S, M, L, XL";"Рыжий";"<h1>Качественная мужская кофта с вырезом</h1><br/><b>Материал:</b> 90%-хлопок, 10%-лайкра<br/>";
"photo-13279251_308532883";"http://cs413829.vk.me/v413829826/22b6/OBu-xU3vFxk.jpg";"Качественная мужская кофта с вырезом<br/>Цена: 470 грн.<br/>Размеры: S, M, L, XL<br/>Материал: 90%-хлопок, 10%-лайкра<br/>KS10029<br/>Рыжий";"Качественная мужская кофта с вырезом";470;"KS10029";" S, M, L, XL";"Рыжий";"<h1>Качественная мужская кофта с вырезом</h1><br/><b>Материал:</b> 90%-хлопок, 10%-лайкра<br/>";
"photo-13279251_308532857";"http://cs413829.vk.me/v413829826/226a/Zoc8FFq1w_c.jpg";"Качественная мужская кофта с вырезом<br/>Цена: 470 грн.<br/>Размеры: S, M, L, XL<br/>Материал: 90%-хлопок, 10%-лайкра<br/>KS10029<br/>Коричневый";"Качественная мужская кофта с вырезом";470;"KS10029";" S, M, L, XL";"Коричневый";"<h1>Качественная мужская кофта с вырезом</h1><br/><b>Материал:</b> 90%-хлопок, 10%-лайкра<br/>";
"photo-13279251_308532862";"http://cs413829.vk.me/v413829826/2273/4WT9I0Hq3pE.jpg";"Качественная мужская кофта с вырезом<br/>Цена: 470 грн.<br/>Размеры: S, M, L, XL<br/>Материал: 90%-хлопок, 10%-лайкра<br/>KS10029<br/>Зеленый";"Качественная мужская кофта с вырезом";470;"KS10029";" S, M, L, XL";"Зеленый";"<h1>Качественная мужская кофта с вырезом</h1><br/><b>Материал:</b> 90%-хлопок, 10%-лайкра<br/>";
"photo-13279251_308532884";"http://cs413829.vk.me/v413829826/22bf/04hC56Na2V0.jpg";"Качественная мужская кофта с вырезом<br/>Цена: 470 грн.<br/>Размеры: S, M, L, XL<br/>Материал: 90%-хлопок, 10%-лайкра<br/>KS10029<br/>Черный";"Качественная мужская кофта с вырезом";470;"KS10029";" S, M, L, XL";"Черный";"<h1>Качественная мужская кофта с вырезом</h1><br/><b>Материал:</b> 90%-хлопок, 10%-лайкра<br/>";
"photo-13279251_308532853";"http://cs413829.vk.me/v413829826/2259/fBoiWFRGMZU.jpg";"Качественная мужская кофта с вырезом<br/>Цена: 470 грн.<br/>Размеры: S, M, L, XL<br/>Материал: 90%-хлопок, 10%-лайкра<br/>KS10029<br/>Серый";"Качественная мужская кофта с вырезом";470;"KS10029";" S, M, L, XL";"Серый";"<h1>Качественная мужская кофта с вырезом</h1><br/><b>Материал:</b> 90%-хлопок, 10%-лайкра<br/>";
"photo-13279251_308532870";"http://cs413829.vk.me/v413829826/228d/cwjv3nOOKtw.jpg";"Качественная мужская кофта с вырезом<br/>Цена: 470 грн.<br/>Размеры: S, M, L, XL<br/>Материал: 90%-хлопок, 10%-лайкра<br/>KS10029<br/>Серый";"Качественная мужская кофта с вырезом";470;"KS10029";" S, M, L, XL";"Серый";"<h1>Качественная мужская кофта с вырезом</h1><br/><b>Материал:</b> 90%-хлопок, 10%-лайкра<br/>";
"photo-13279251_308532876";"http://cs413829.vk.me/v413829826/22a6/YcPsx4EBEVw.jpg";"Качественная мужская кофта с вырезом<br/>Цена: 470 грн.<br/>Размеры: S, M, L, XL<br/>Материал: 90%-хлопок, 10%-лайкра<br/>KS10029<br/>Синий";"Качественная мужская кофта с вырезом";470;"KS10029";" S, M, L, XL";"Синий";"<h1>Качественная мужская кофта с вырезом</h1><br/><b>Материал:</b> 90%-хлопок, 10%-лайкра<br/>";
"photo-13279251_308532880";"http://cs413829.vk.me/v413829826/22ae/BS0bsO-kNP0.jpg";"Качественная мужская кофта с вырезом<br/>Цена: 470 грн.<br/>Размеры: S, M, L, XL<br/>Материал: 90%-хлопок, 10%-лайкра<br/>KS10029<br/>Коричневый";"Качественная мужская кофта с вырезом";470;"KS10029";" S, M, L, XL";"Коричневый";"<h1>Качественная мужская кофта с вырезом</h1><br/><b>Материал:</b> 90%-хлопок, 10%-лайкра<br/>";
"photo-13279251_308532864";"http://cs413829.vk.me/v413829826/227c/j8hwSZ6wFUo.jpg";"Качественная мужская кофта с вырезом<br/>Цена: 470 грн.<br/>Размеры: S, M, L, XL<br/>Материал: 90%-хлопок, 10%-лайкра<br/>KS10029<br/>Оранжевый";"Качественная мужская кофта с вырезом";470;"KS10029";" S, M, L, XL";"Оранжевый";"<h1>Качественная мужская кофта с вырезом</h1><br/><b>Материал:</b> 90%-хлопок, 10%-лайкра<br/>";
"photo-13279251_308532886";"http://cs413829.vk.me/v413829826/22c7/WA1UaWt-9gQ.jpg";"Качественная мужская кофта с вырезом<br/>Цена: 470 грн.<br/>Размеры: S, M, L, XL<br/>Материал: 90%-хлопок, 10%-лайкра<br/>KS10029<br/>Зеленый";"Качественная мужская кофта с вырезом";470;"KS10029";" S, M, L, XL";"Зеленый";"<h1>Качественная мужская кофта с вырезом</h1><br/><b>Материал:</b> 90%-хлопок, 10%-лайкра<br/>";
"photo-13279251_308590759";"http://cs322730.vk.me/v322730826/5066/PQ9yDwg2ZVk.jpg";"Мужская кофта<br/>Цена: 455 грн.<br/>Размеры: S, M, L, XL, XXL<br/>Материал: 90%-хлопок, 10%-лайкра<br/>KS10028<br/>Черный";"Мужская кофта";455;"KS10028";" S, M, L, XL, XXL";"Черный";"<h1>Мужская кофта</h1><br/><b>Материал:</b> 90%-хлопок, 10%-лайкра<br/>";
"photo-13279251_308590769";"http://cs322730.vk.me/v322730826/508a/UpK6Ira1_d8.jpg";"Мужская кофта<br/>Цена: 455 грн.<br/>Размеры: S, M, L, XL, XXL<br/>Материал: 90%-хлопок, 10%-лайкра<br/>KS10028<br/>Черный";"Мужская кофта";455;"KS10028";" S, M, L, XL, XXL";"Черный";"<h1>Мужская кофта</h1><br/><b>Материал:</b> 90%-хлопок, 10%-лайкра<br/>";
"photo-13279251_308590767";"http://cs322730.vk.me/v322730826/5081/7vVavaOvd2U.jpg";"Мужская кофта<br/>Цена: 455 грн.<br/>Размеры: S, M, L, XL, XXL<br/>Материал: 90%-хлопок, 10%-лайкра<br/>KS10028<br/>Синий";"Мужская кофта";455;"KS10028";" S, M, L, XL, XXL";"Синий";"<h1>Мужская кофта</h1><br/><b>Материал:</b> 90%-хлопок, 10%-лайкра<br/>";
"photo-13279251_308590761";"http://cs322730.vk.me/v322730826/506f/lxKnU8vnlKs.jpg";"Мужская кофта<br/>Цена: 455 грн.<br/>Размеры: S, M, L, XL, XXL<br/>Материал: 90%-хлопок, 10%-лайкра<br/>KS10028<br/>Синий";"Мужская кофта";455;"KS10028";" S, M, L, XL, XXL";"Синий";"<h1>Мужская кофта</h1><br/><b>Материал:</b> 90%-хлопок, 10%-лайкра<br/>";
"photo-13279251_308590765";"http://cs322730.vk.me/v322730826/5078/spAF_s9ELPg.jpg";"Мужская кофта<br/>Цена: 455 грн.<br/>Размеры: S, M, L, XL, XXL<br/>Материал: 90%-хлопок, 10%-лайкра<br/>KS10028<br/>Белый";"Мужская кофта";455;"KS10028";" S, M, L, XL, XXL";"Белый";"<h1>Мужская кофта</h1><br/><b>Материал:</b> 90%-хлопок, 10%-лайкра<br/>";
"photo-13279251_308590745";"http://cs322730.vk.me/v322730826/5055/qcgWNHpCk1A.jpg";"Мужская кофта<br/>Цена: 455 грн.<br/>Размеры: S, M, L, XL, XXL<br/>Материал: 90%-хлопок, 10%-лайкра<br/>KS10028<br/>Коричневый";"Мужская кофта";455;"KS10028";" S, M, L, XL, XXL";"Коричневый";"<h1>Мужская кофта</h1><br/><b>Материал:</b> 90%-хлопок, 10%-лайкра<br/>";
"photo-13279251_308590750";"http://cs322730.vk.me/v322730826/505d/HPKW0sDG34Y.jpg";"Мужская кофта<br/>Цена: 455 грн.<br/>Размеры: S, M, L, XL, XXL<br/>Материал: 90%-хлопок, 10%-лайкра<br/>KS10028<br/>Хаки";"Мужская кофта";455;"KS10028";" S, M, L, XL, XXL";"Хаки";"<h1>Мужская кофта</h1><br/><b>Материал:</b> 90%-хлопок, 10%-лайкра<br/>";
"photo-13279251_308590741";"http://cs322730.vk.me/v322730826/504c/nuuhHl0zvJs.jpg";"Мужская кофта<br/>Цена: 455 грн.<br/>Размеры: S, M, L, XL, XXL<br/>Материал: 90%-хлопок, 10%-лайкра<br/>KS10028<br/>Бордовый";"Мужская кофта";455;"KS10028";" S, M, L, XL, XXL";"Бордовый";"<h1>Мужская кофта</h1><br/><b>Материал:</b> 90%-хлопок, 10%-лайкра<br/>";
"photo-13279251_308590836";"http://cs322730.vk.me/v322730826/50a5/g8RY6kKADqc.jpg";"Мужская кофта с большим вырезом<br/>Цена: 455 грн.<br/>Размеры: S, M, L, XL, XXL<br/>Материал: 90%-хлопок, 10%-лайкра<br/>KS10029<br/>Черный";"Мужская кофта с большим вырезом";455;"KS10029";" S, M, L, XL, XXL";"Черный";"<h1>Мужская кофта с большим вырезом</h1><br/><b>Материал:</b> 90%-хлопок, 10%-лайкра<br/>";
"photo-13279251_308590845";"http://cs322730.vk.me/v322730826/50c0/vTbCuIGUJmY.jpg";"Мужская кофта с большим вырезом<br/>Цена: 455 грн.<br/>Размеры: S, M, L, XL, XXL<br/>Материал: 90%-хлопок, 10%-лайкра<br/>KS10029<br/>Серый";"Мужская кофта с большим вырезом";455;"KS10029";" S, M, L, XL, XXL";"Серый";"<h1>Мужская кофта с большим вырезом</h1><br/><b>Материал:</b> 90%-хлопок, 10%-лайкра<br/>";
"photo-13279251_308590828";"http://cs322730.vk.me/v322730826/509c/cp71dQzi-II.jpg";"Мужская кофта с большим вырезом<br/>Цена: 455 грн.<br/>Размеры: S, M, L, XL, XXL<br/>Материал: 90%-хлопок, 10%-лайкра<br/>KS10029<br/>Синий";"Мужская кофта с большим вырезом";455;"KS10029";" S, M, L, XL, XXL";"Синий";"<h1>Мужская кофта с большим вырезом</h1><br/><b>Материал:</b> 90%-хлопок, 10%-лайкра<br/>";
"photo-13279251_308590840";"http://cs322730.vk.me/v322730826/50ae/QO5T_t3OhWM.jpg";"Мужская кофта с большим вырезом<br/>Цена: 455 грн.<br/>Размеры: S, M, L, XL, XXL<br/>Материал: 90%-хлопок, 10%-лайкра<br/>KS10029<br/>Белый";"Мужская кофта с большим вырезом";455;"KS10029";" S, M, L, XL, XXL";"Белый";"<h1>Мужская кофта с большим вырезом</h1><br/><b>Материал:</b> 90%-хлопок, 10%-лайкра<br/>";
"photo-13279251_308590848";"http://cs322730.vk.me/v322730826/50c9/Vgt722ixJ3s.jpg";"Мужская кофта с большим вырезом<br/>Цена: 455 грн.<br/>Размеры: S, M, L, XL, XXL<br/>Материал: 90%-хлопок, 10%-лайкра<br/>KS10029<br/>Салатовый";"Мужская кофта с большим вырезом";455;"KS10029";" S, M, L, XL, XXL";"Салатовый";"<h1>Мужская кофта с большим вырезом</h1><br/><b>Материал:</b> 90%-хлопок, 10%-лайкра<br/>";
"photo-13279251_308590843";"http://cs322730.vk.me/v322730826/50b7/mG7UefaEgYU.jpg";"Мужская кофта с большим вырезом<br/>Цена: 455 грн.<br/>Размеры: S, M, L, XL, XXL<br/>Материал: 90%-хлопок, 10%-лайкра<br/>KS10029<br/>Пурпурный";"Мужская кофта с большим вырезом";455;"KS10029";" S, M, L, XL, XXL";"Пурпурный";"<h1>Мужская кофта с большим вырезом</h1><br/><b>Материал:</b> 90%-хлопок, 10%-лайкра<br/>";
"photo-13279251_308628213";"http://cs322730.vk.me/v322730826/58ab/ZqNvhI6yE2U.jpg";"Мужской кардиган Polo Ralph Lauren<br/>Цена: 799 грн<br/>Размеры: S, M, L, XL<br/>Материал: хлопок<br/>KS10037<br/>Черный";"Мужской кардиган Polo Ralph Lauren";799;"KS10037";" S, M, L, XL";"Черный";"<h1>Мужской кардиган Polo Ralph Lauren</h1><br/><b>Материал:</b> хлопок<br/>";
"photo-13279251_308628215";"http://cs322730.vk.me/v322730826/58b2/b-6QhWZNACk.jpg";"Мужской кардиган Polo Ralph Lauren<br/>Цена: 799 грн<br/>Размеры: S, M, L, XL<br/>Материал: хлопок<br/>KS10037<br/>Синий";"Мужской кардиган Polo Ralph Lauren";799;"KS10037";" S, M, L, XL";"Синий";"<h1>Мужской кардиган Polo Ralph Lauren</h1><br/><b>Материал:</b> хлопок<br/>";
"photo-13279251_381959370";"http://cs540103.vk.me/c540101/v540101826/553b4/5aoJ9tboK6E.jpg";"Мужской кардиган Polo Ralph Lauren<br/>Цена: 799 грн<br/>Размеры: S, M, L, XL<br/>Материал: хлопок<br/>KS10037<br/>Черный+Белый";"Мужской кардиган Polo Ralph Lauren";799;"KS10037";" S, M, L, XL";"Черный+Белый";"<h1>Мужской кардиган Polo Ralph Lauren</h1><br/><b>Материал:</b> хлопок<br/>";
"photo-13279251_381959372";"http://cs540103.vk.me/c540101/v540101826/553c4/Znz7fPUC_xo.jpg";"Мужской кардиган Polo Ralph Lauren<br/>Цена: 799 грн<br/>Размеры: S, M, L, XL<br/>Материал: хлопок<br/>KS10037<br/>Синий+Золотой";"Мужской кардиган Polo Ralph Lauren";799;"KS10037";" S, M, L, XL";"Синий+Золотой";"<h1>Мужской кардиган Polo Ralph Lauren</h1><br/><b>Материал:</b> хлопок<br/>";
"photo-13279251_381959371";"http://cs540103.vk.me/c540101/v540101826/553bc/G03sA6vl5eA.jpg";"Мужской кардиган Polo Ralph Lauren<br/>Цена: 799 грн<br/>Размеры: S, M, L, XL<br/>Материал: хлопок<br/>KS10037<br/>Синий+Золотой";"Мужской кардиган Polo Ralph Lauren";799;"KS10037";" S, M, L, XL";"Синий+Золотой";"<h1>Мужской кардиган Polo Ralph Lauren</h1><br/><b>Материал:</b> хлопок<br/>";
"photo-13279251_308630017";"http://cs322730.vk.me/v322730826/58ed/0Yv2g-k_7pg.jpg";"Мужской легкий свитер<br/>Цена: 440 грн.<br/>Размеры: S, M, L, XL<br/>Материал: хлопок<br/>KS10038<br/>Черный";"Мужской легкий свитер";440;"KS10038";" S, M, L, XL";"Черный";"<h1>Мужской легкий свитер</h1><br/><b>Материал:</b> хлопок<br/>";
"photo-13279251_308630022";"http://cs322730.vk.me/v322730826/58f4/Qi0wmDVNVpE.jpg";"Мужской легкий свитер<br/>Цена: 440 грн.<br/>Размеры: S, M, L, XL<br/>Материал: хлопок<br/>KS10038<br/>Черный";"Мужской легкий свитер";440;"KS10038";" S, M, L, XL";"Черный";"<h1>Мужской легкий свитер</h1><br/><b>Материал:</b> хлопок<br/>";
"photo-13279251_308630025";"http://cs322730.vk.me/v322730826/58fb/9fJAKKM0REc.jpg";"Мужской легкий свитер<br/>Цена: 440 грн.<br/>Размеры: S, M, L, XL<br/>Материал: хлопок<br/>KS10038<br/>Красный";"Мужской легкий свитер";440;"KS10038";" S, M, L, XL";"Красный";"<h1>Мужской легкий свитер</h1><br/><b>Материал:</b> хлопок<br/>";
"photo-13279251_308630028";"http://cs322730.vk.me/v322730826/5902/-_j5Tq_bUb8.jpg";"Мужской легкий свитер<br/>Цена: 440 грн.<br/>Размеры: S, M, L, XL<br/>Материал: хлопок<br/>KS10038<br/>Красный";"Мужской легкий свитер";440;"KS10038";" S, M, L, XL";"Красный";"<h1>Мужской легкий свитер</h1><br/><b>Материал:</b> хлопок<br/>";
"photo-13279251_308630039";"http://cs322730.vk.me/v322730826/5909/gPU0pFMhaao.jpg";"Мужской легкий свитер<br/>Цена: 440 грн.<br/>Размеры: S, M, L, XL<br/>Материал: хлопок<br/>KS10038<br/>Коричневый";"Мужской легкий свитер";440;"KS10038";" S, M, L, XL";"Коричневый";"<h1>Мужской легкий свитер</h1><br/><b>Материал:</b> хлопок<br/>";
"photo-13279251_308630044";"http://cs322730.vk.me/v322730826/5910/vPnuC3tLn2U.jpg";"Мужской легкий свитер<br/>Цена: 440 грн.<br/>Размеры: S, M, L, XL<br/>Материал: хлопок<br/>KS10038<br/>Коричневый";"Мужской легкий свитер";440;"KS10038";" S, M, L, XL";"Коричневый";"<h1>Мужской легкий свитер</h1><br/><b>Материал:</b> хлопок<br/>";
"photo-13279251_381959695";"http://cs540103.vk.me/c540101/v540101826/553d5/6I7lmrczWTk.jpg";"Мужской легкий свитер<br/>Цена: 440 грн.<br/>Размеры: S, M, L, XL<br/>Материал: хлопок<br/>KS10038<br/>Серый";"Мужской легкий свитер";440;"KS10038";" S, M, L, XL";"Серый";"<h1>Мужской легкий свитер</h1><br/><b>Материал:</b> хлопок<br/>";
"photo-13279251_381959694";"http://cs540103.vk.me/c540101/v540101826/553cc/_iubL92axsA.jpg";"Мужской легкий свитер<br/>Цена: 440 грн.<br/>Размеры: S, M, L, XL<br/>Материал: хлопок<br/>KS10038<br/>Белый";"Мужской легкий свитер";440;"KS10038";" S, M, L, XL";"Белый";"<h1>Мужской легкий свитер</h1><br/><b>Материал:</b> хлопок<br/>";
"photo-13279251_308647893";"http://cs403730.vk.me/v403730826/99de/lRPs1xcoHic.jpg";"Мужской кофта с пуговицами <br/>Цена: 460 грн.<br/>Размеры: S, M, L, XL<br/>Материал: 90%-хлопок, 10%-лайкра<br/>KS10040<br/>Черный";"Мужской кофта с пуговицами ";460;"KS10040";" S, M, L, XL";"Черный";"<h1>Мужской кофта с пуговицами </h1><br/><b>Материал:</b> 90%-хлопок, 10%-лайкра<br/>";
"photo-13279251_308647903";"http://cs403730.vk.me/v403730826/99f9/czE3-EEh8ck.jpg";"Мужской кофта с пуговицами <br/>Цена: 460 грн.<br/>Размеры: S, M, L, XL<br/>Материал: 90%-хлопок, 10%-лайкра<br/>KS10040<br/>Темно серый";"Мужской кофта с пуговицами ";460;"KS10040";" S, M, L, XL";"Темно серый";"<h1>Мужской кофта с пуговицами </h1><br/><b>Материал:</b> 90%-хлопок, 10%-лайкра<br/>";
"photo-13279251_308647899";"http://cs403730.vk.me/v403730826/99f0/vOLgGbq3_eQ.jpg";"Мужской кофта с пуговицами <br/>Цена: 460 грн.<br/>Размеры: S, M, L, XL<br/>Материал: 90%-хлопок, 10%-лайкра<br/>KS10040<br/>Серый";"Мужской кофта с пуговицами ";460;"KS10040";" S, M, L, XL";"Серый";"<h1>Мужской кофта с пуговицами </h1><br/><b>Материал:</b> 90%-хлопок, 10%-лайкра<br/>";
"photo-13279251_308647910";"http://cs403730.vk.me/v403730826/9a0b/QV7xHWu4iqM.jpg";"Мужской кофта с пуговицами <br/>Цена: 460 грн.<br/>Размеры: S, M, L, XL<br/>Материал: 90%-хлопок, 10%-лайкра<br/>KS10040<br/>Синий";"Мужской кофта с пуговицами ";460;"KS10040";" S, M, L, XL";"Синий";"<h1>Мужской кофта с пуговицами </h1><br/><b>Материал:</b> 90%-хлопок, 10%-лайкра<br/>";
"photo-13279251_308647907";"http://cs403730.vk.me/v403730826/9a02/jXh-MvWgfqA.jpg";"Мужской кофта с пуговицами <br/>Цена: 460 грн.<br/>Размеры: S, M, L, XL<br/>Материал: 90%-хлопок, 10%-лайкра<br/>KS10040<br/>Хаки";"Мужской кофта с пуговицами ";460;"KS10040";" S, M, L, XL";"Хаки";"<h1>Мужской кофта с пуговицами </h1><br/><b>Материал:</b> 90%-хлопок, 10%-лайкра<br/>";
"photo-13279251_308647896";"http://cs403730.vk.me/v403730826/99e7/az9IHnvKm30.jpg";"Мужской кофта с пуговицами <br/>Цена: 460 грн.<br/>Размеры: S, M, L, XL<br/>Материал: 90%-хлопок, 10%-лайкра<br/>KS10040<br/>Белый";"Мужской кофта с пуговицами ";460;"KS10040";" S, M, L, XL";"Белый";"<h1>Мужской кофта с пуговицами </h1><br/><b>Материал:</b> 90%-хлопок, 10%-лайкра<br/>";
"photo-13279251_308647966";"http://cs403730.vk.me/v403730826/9a1d/PJnFTQQoqS4.jpg";"Мужской кофта<br/>Цена: 440 грн.<br/>Размеры: S, M, L, XL<br/>Материал: 90%-хлопок, 10%-лайкра<br/>KS10039<br/>Черный";"Мужской кофта";440;"KS10039";" S, M, L, XL";"Черный";"<h1>Мужской кофта</h1><br/><b>Материал:</b> 90%-хлопок, 10%-лайкра<br/>";
"photo-13279251_308647975";"http://cs403730.vk.me/v403730826/9a38/O26Oy5RmeEQ.jpg";"Мужской кофта<br/>Цена: 440 грн.<br/>Размеры: S, M, L, XL<br/>Материал: 90%-хлопок, 10%-лайкра<br/>KS10039<br/>Темно серый";"Мужской кофта";440;"KS10039";" S, M, L, XL";"Темно серый";"<h1>Мужской кофта</h1><br/><b>Материал:</b> 90%-хлопок, 10%-лайкра<br/>";
"photo-13279251_308647964";"http://cs403730.vk.me/v403730826/9a14/ObIEPPawQ8Y.jpg";"Мужской кофта<br/>Цена: 440 грн.<br/>Размеры: S, M, L, XL<br/>Материал: 90%-хлопок, 10%-лайкра<br/>KS10039<br/>Синий";"Мужской кофта";440;"KS10039";" S, M, L, XL";"Синий";"<h1>Мужской кофта</h1><br/><b>Материал:</b> 90%-хлопок, 10%-лайкра<br/>";
"photo-13279251_308647969";"http://cs403730.vk.me/v403730826/9a26/lPvlNoON6hQ.jpg";"Мужской кофта<br/>Цена: 440 грн.<br/>Размеры: S, M, L, XL<br/>Материал: 90%-хлопок, 10%-лайкра<br/>KS10039<br/>Коричневый";"Мужской кофта";440;"KS10039";" S, M, L, XL";"Коричневый";"<h1>Мужской кофта</h1><br/><b>Материал:</b> 90%-хлопок, 10%-лайкра<br/>";
"photo-13279251_308647972";"http://cs403730.vk.me/v403730826/9a2f/-ouOn5dbshI.jpg";"Мужской кофта<br/>Цена: 440 грн.<br/>Размеры: S, M, L, XL<br/>Материал: 90%-хлопок, 10%-лайкра<br/>KS10039<br/>Серый";"Мужской кофта";440;"KS10039";" S, M, L, XL";"Серый";"<h1>Мужской кофта</h1><br/><b>Материал:</b> 90%-хлопок, 10%-лайкра<br/>";
"photo-13279251_308647991";"http://cs403730.vk.me/v403730826/9a4a/rBtagtZPWGE.jpg";"Мужской кофта<br/>Цена: 440 грн.<br/>Размеры: S, M, L, XL<br/>Материал: 90%-хлопок, 10%-лайкра<br/>KS10039<br/>Хаки";"Мужской кофта";440;"KS10039";" S, M, L, XL";"Хаки";"<h1>Мужской кофта</h1><br/><b>Материал:</b> 90%-хлопок, 10%-лайкра<br/>";
"photo-13279251_308647998";"http://cs403730.vk.me/v403730826/9a5c/FGIXziU5tvk.jpg";"Мужской кофта<br/>Цена: 440 грн.<br/>Размеры: S, M, L, XL<br/>Материал: 90%-хлопок, 10%-лайкра<br/>KS10039<br/>Белый";"Мужской кофта";440;"KS10039";" S, M, L, XL";"Белый";"<h1>Мужской кофта</h1><br/><b>Материал:</b> 90%-хлопок, 10%-лайкра<br/>";
"photo-13279251_308648063";"http://cs403730.vk.me/v403730826/9a65/8UZ0Mvn3KPI.jpg";"Мужской кофта под горло (гольф)<br/>Цена: 450 грн.<br/>Размеры: S, M, L, XL, XXXL<br/>Материал: 90%-хлопок, 10%-лайкра<br/>KS10041<br/>Черный";"Мужской кофта под горло (гольф)";450;"KS10041";" S, M, L, XL, XXXL";"Черный";"<h1>Мужской кофта под горло (гольф)</h1><br/><b>Материал:</b> 90%-хлопок, 10%-лайкра<br/>";
"photo-13279251_308648101";"http://cs403730.vk.me/v403730826/9aa3/lFnGGliPTbo.jpg";"Мужской кофта под горло (гольф)<br/>Цена: 450 грн.<br/>Размеры: S, M, L, XL, XXXL<br/>Материал: 90%-хлопок, 10%-лайкра<br/>KS10041<br/>Черный";"Мужской кофта под горло (гольф)";450;"KS10041";" S, M, L, XL, XXXL";"Черный";"<h1>Мужской кофта под горло (гольф)</h1><br/><b>Материал:</b> 90%-хлопок, 10%-лайкра<br/>";
"photo-13279251_308648105";"http://cs403730.vk.me/v403730826/9aac/dVY6BuyaQRI.jpg";"Мужской кофта под горло (гольф)<br/>Цена: 450 грн.<br/>Размеры: S, M, L, XL, XXXL<br/>Материал: 90%-хлопок, 10%-лайкра<br/>KS10041<br/>Черный";"Мужской кофта под горло (гольф)";450;"KS10041";" S, M, L, XL, XXXL";"Черный";"<h1>Мужской кофта под горло (гольф)</h1><br/><b>Материал:</b> 90%-хлопок, 10%-лайкра<br/>";
"photo-13279251_308648069";"http://cs403730.vk.me/v403730826/9a76/j7BqxAf8Qqk.jpg";"Мужской кофта под горло (гольф)<br/>Цена: 450 грн.<br/>Размеры: S, M, L, XL, XXXL<br/>Материал: 90%-хлопок, 10%-лайкра<br/>KS10041<br/>Черный";"Мужской кофта под горло (гольф)";450;"KS10041";" S, M, L, XL, XXXL";"Черный";"<h1>Мужской кофта под горло (гольф)</h1><br/><b>Материал:</b> 90%-хлопок, 10%-лайкра<br/>";
"photo-13279251_308648066";"http://cs403730.vk.me/v403730826/9a6d/7t_Vz0vkj2k.jpg";"Мужской кофта под горло (гольф)<br/>Цена: 450 грн.<br/>Размеры: S, M, L, XL, XXXL<br/>Материал: 90%-хлопок, 10%-лайкра<br/>KS10041<br/>Темно серый";"Мужской кофта под горло (гольф)";450;"KS10041";" S, M, L, XL, XXXL";"Темно серый";"<h1>Мужской кофта под горло (гольф)</h1><br/><b>Материал:</b> 90%-хлопок, 10%-лайкра<br/>";
"photo-13279251_308648088";"http://cs403730.vk.me/v403730826/9a88/F2d6DoAvjCg.jpg";"Мужской кофта под горло (гольф)<br/>Цена: 450 грн.<br/>Размеры: S, M, L, XL, XXXL<br/>Материал: 90%-хлопок, 10%-лайкра<br/>KS10041<br/>Серый";"Мужской кофта под горло (гольф)";450;"KS10041";" S, M, L, XL, XXXL";"Серый";"<h1>Мужской кофта под горло (гольф)</h1><br/><b>Материал:</b> 90%-хлопок, 10%-лайкра<br/>";
"photo-13279251_308648092";"http://cs403730.vk.me/v403730826/9a91/TaF95cjFrFE.jpg";"Мужской кофта под горло (гольф)<br/>Цена: 450 грн.<br/>Размеры: S, M, L, XL, XXXL<br/>Материал: 90%-хлопок, 10%-лайкра<br/>KS10041<br/>Синий";"Мужской кофта под горло (гольф)";450;"KS10041";" S, M, L, XL, XXXL";"Синий";"<h1>Мужской кофта под горло (гольф)</h1><br/><b>Материал:</b> 90%-хлопок, 10%-лайкра<br/>";
"photo-13279251_308648098";"http://cs403730.vk.me/v403730826/9a9a/YMPLAwpVuY4.jpg";"Мужской кофта под горло (гольф)<br/>Цена: 450 грн.<br/>Размеры: S, M, L, XL, XXXL<br/>Материал: 90%-хлопок, 10%-лайкра<br/>KS10041<br/>Хаки";"Мужской кофта под горло (гольф)";450;"KS10041";" S, M, L, XL, XXXL";"Хаки";"<h1>Мужской кофта под горло (гольф)</h1><br/><b>Материал:</b> 90%-хлопок, 10%-лайкра<br/>";
"photo-13279251_308648076";"http://cs403730.vk.me/v403730826/9a7f/c5P6-4ykyco.jpg";"Мужской кофта под горло (гольф)<br/>Цена: 450 грн.<br/>Размеры: S, M, L, XL, XXXL<br/>Материал: 90%-хлопок, 10%-лайкра<br/>KS10041<br/>Белый";"Мужской кофта под горло (гольф)";450;"KS10041";" S, M, L, XL, XXXL";"Белый";"<h1>Мужской кофта под горло (гольф)</h1><br/><b>Материал:</b> 90%-хлопок, 10%-лайкра<br/>";
"photo-13279251_308648132";"http://cs403730.vk.me/v403730826/9ab5/5SNwO-kS0-Y.jpg";"Мужской кофта под горло (гольф)<br/>Цена: 470 грн.<br/>Размеры: S, M, L, XL, XXXL<br/>Материал: 90%-хлопок, 10%-лайкра<br/>KS10042<br/>Черный";"Мужской кофта под горло (гольф)";470;"KS10042";" S, M, L, XL, XXXL";"Черный";"<h1>Мужской кофта под горло (гольф)</h1><br/><b>Материал:</b> 90%-хлопок, 10%-лайкра<br/>";
"photo-13279251_308648137";"http://cs403730.vk.me/v403730826/9abe/LVYZ3u2lpGI.jpg";"Мужской кофта под горло (гольф)<br/>Цена: 470 грн.<br/>Размеры: S, M, L, XL, XXXL<br/>Материал: 90%-хлопок, 10%-лайкра<br/>KS10042<br/>Черный";"Мужской кофта под горло (гольф)";470;"KS10042";" S, M, L, XL, XXXL";"Черный";"<h1>Мужской кофта под горло (гольф)</h1><br/><b>Материал:</b> 90%-хлопок, 10%-лайкра<br/>";
"photo-13279251_308648140";"http://cs403730.vk.me/v403730826/9ac7/PkUeXpIEXV4.jpg";"Мужской кофта под горло (гольф)<br/>Цена: 470 грн.<br/>Размеры: S, M, L, XL, XXXL<br/>Материал: 90%-хлопок, 10%-лайкра<br/>KS10042<br/>Черный";"Мужской кофта под горло (гольф)";470;"KS10042";" S, M, L, XL, XXXL";"Черный";"<h1>Мужской кофта под горло (гольф)</h1><br/><b>Материал:</b> 90%-хлопок, 10%-лайкра<br/>";
"photo-13279251_308648143";"http://cs403730.vk.me/v403730826/9ad0/IThfIBGhA20.jpg";"Мужской кофта под горло (гольф)<br/>Цена: 470 грн.<br/>Размеры: S, M, L, XL, XXXL<br/>Материал: 90%-хлопок, 10%-лайкра<br/>KS10042<br/>Черный";"Мужской кофта под горло (гольф)";470;"KS10042";" S, M, L, XL, XXXL";"Черный";"<h1>Мужской кофта под горло (гольф)</h1><br/><b>Материал:</b> 90%-хлопок, 10%-лайкра<br/>";
"photo-13279251_308648147";"http://cs403730.vk.me/v403730826/9ad9/5iglzZ4BgBI.jpg";"Мужской кофта под горло (гольф)<br/>Цена: 470 грн.<br/>Размеры: S, M, L, XL, XXXL<br/>Материал: 90%-хлопок, 10%-лайкра<br/>KS10042<br/>Белый";"Мужской кофта под горло (гольф)";470;"KS10042";" S, M, L, XL, XXXL";"Белый";"<h1>Мужской кофта под горло (гольф)</h1><br/><b>Материал:</b> 90%-хлопок, 10%-лайкра<br/>";
"photo-13279251_308648148";"http://cs403730.vk.me/v403730826/9ae2/OPN49wFgGlE.jpg";"Мужской кофта под горло (гольф)<br/>Цена: 470 грн.<br/>Размеры: S, M, L, XL, XXXL<br/>Материал: 90%-хлопок, 10%-лайкра<br/>KS10042<br/>Белый";"Мужской кофта под горло (гольф)";470;"KS10042";" S, M, L, XL, XXXL";"Белый";"<h1>Мужской кофта под горло (гольф)</h1><br/><b>Материал:</b> 90%-хлопок, 10%-лайкра<br/>";
"photo-13279251_308648153";"http://cs403730.vk.me/v403730826/9aeb/yCNXouS6jMM.jpg";"Мужской кофта под горло (гольф)<br/>Цена: 470 грн.<br/>Размеры: S, M, L, XL, XXXL<br/>Материал: 90%-хлопок, 10%-лайкра<br/>KS10042<br/>Белый";"Мужской кофта под горло (гольф)";470;"KS10042";" S, M, L, XL, XXXL";"Белый";"<h1>Мужской кофта под горло (гольф)</h1><br/><b>Материал:</b> 90%-хлопок, 10%-лайкра<br/>";
"photo-13279251_308648158";"http://cs403730.vk.me/v403730826/9afd/h9RdaeF9rBQ.jpg";"Мужской кофта под горло (гольф)<br/>Цена: 470 грн.<br/>Размеры: S, M, L, XL, XXXL<br/>Материал: 90%-хлопок, 10%-лайкра<br/>KS10042<br/>Темно серый";"Мужской кофта под горло (гольф)";470;"KS10042";" S, M, L, XL, XXXL";"Темно серый";"<h1>Мужской кофта под горло (гольф)</h1><br/><b>Материал:</b> 90%-хлопок, 10%-лайкра<br/>";
"photo-13279251_308648164";"http://cs403730.vk.me/v403730826/9b06/_TMN6QFCc30.jpg";"Мужской кофта под горло (гольф)<br/>Цена: 470 грн.<br/>Размеры: S, M, L, XL, XXXL<br/>Материал: 90%-хлопок, 10%-лайкра<br/>KS10042<br/>Темно серый";"Мужской кофта под горло (гольф)";470;"KS10042";" S, M, L, XL, XXXL";"Темно серый";"<h1>Мужской кофта под горло (гольф)</h1><br/><b>Материал:</b> 90%-хлопок, 10%-лайкра<br/>";
"photo-13279251_308648168";"http://cs403730.vk.me/v403730826/9b0f/0Ml618CpJM8.jpg";"Мужской кофта под горло (гольф)<br/>Цена: 470 грн.<br/>Размеры: S, M, L, XL, XXXL<br/>Материал: 90%-хлопок, 10%-лайкра<br/>KS10042<br/>Темно серый";"Мужской кофта под горло (гольф)";470;"KS10042";" S, M, L, XL, XXXL";"Темно серый";"<h1>Мужской кофта под горло (гольф)</h1><br/><b>Материал:</b> 90%-хлопок, 10%-лайкра<br/>";
"photo-13279251_308648171";"http://cs403730.vk.me/v403730826/9b18/NqQxthrPRcI.jpg";"Мужской кофта под горло (гольф)<br/>Цена: 470 грн.<br/>Размеры: S, M, L, XL, XXXL<br/>Материал: 90%-хлопок, 10%-лайкра<br/>KS10042<br/>Серый";"Мужской кофта под горло (гольф)";470;"KS10042";" S, M, L, XL, XXXL";"Серый";"<h1>Мужской кофта под горло (гольф)</h1><br/><b>Материал:</b> 90%-хлопок, 10%-лайкра<br/>";
"photo-13279251_308648176";"http://cs403730.vk.me/v403730826/9b21/t9SDxTY03YY.jpg";"Мужской кофта под горло (гольф)<br/>Цена: 470 грн.<br/>Размеры: S, M, L, XL, XXXL<br/>Материал: 90%-хлопок, 10%-лайкра<br/>KS10042<br/>Серый";"Мужской кофта под горло (гольф)";470;"KS10042";" S, M, L, XL, XXXL";"Серый";"<h1>Мужской кофта под горло (гольф)</h1><br/><b>Материал:</b> 90%-хлопок, 10%-лайкра<br/>";
"photo-13279251_308648179";"http://cs403730.vk.me/v403730826/9b2a/qaY2JZen5aI.jpg";"Мужской кофта под горло (гольф)<br/>Цена: 470 грн.<br/>Размеры: S, M, L, XL, XXXL<br/>Материал: 90%-хлопок, 10%-лайкра<br/>KS10042<br/>Коричневый";"Мужской кофта под горло (гольф)";470;"KS10042";" S, M, L, XL, XXXL";"Коричневый";"<h1>Мужской кофта под горло (гольф)</h1><br/><b>Материал:</b> 90%-хлопок, 10%-лайкра<br/>";
"photo-13279251_308648180";"http://cs403730.vk.me/v403730826/9b33/Hxi4sqO7iw0.jpg";"Мужской кофта под горло (гольф)<br/>Цена: 470 грн.<br/>Размеры: S, M, L, XL, XXXL<br/>Материал: 90%-хлопок, 10%-лайкра<br/>KS10042<br/>Коричневый";"Мужской кофта под горло (гольф)";470;"KS10042";" S, M, L, XL, XXXL";"Коричневый";"<h1>Мужской кофта под горло (гольф)</h1><br/><b>Материал:</b> 90%-хлопок, 10%-лайкра<br/>";
"photo-13279251_308648188";"http://cs403730.vk.me/v403730826/9b4e/qTUS1AvEQB8.jpg";"Мужской кофта под горло (гольф)<br/>Цена: 470 грн.<br/>Размеры: S, M, L, XL, XXXL<br/>Материал: 90%-хлопок, 10%-лайкра<br/>KS10042<br/>Синий";"Мужской кофта под горло (гольф)";470;"KS10042";" S, M, L, XL, XXXL";"Синий";"<h1>Мужской кофта под горло (гольф)</h1><br/><b>Материал:</b> 90%-хлопок, 10%-лайкра<br/>";
"photo-13279251_308648190";"http://cs403730.vk.me/v403730826/9b57/G7Zw0ZG6B8o.jpg";"Мужской кофта под горло (гольф)<br/>Цена: 470 грн.<br/>Размеры: S, M, L, XL, XXXL<br/>Материал: 90%-хлопок, 10%-лайкра<br/>KS10042<br/>Синий";"Мужской кофта под горло (гольф)";470;"KS10042";" S, M, L, XL, XXXL";"Синий";"<h1>Мужской кофта под горло (гольф)</h1><br/><b>Материал:</b> 90%-хлопок, 10%-лайкра<br/>";
"photo-13279251_308648195";"http://cs403730.vk.me/v403730826/9b60/E-KBHtPToeE.jpg";"Мужской кофта под горло (гольф)<br/>Цена: 470 грн.<br/>Размеры: S, M, L, XL, XXXL<br/>Материал: 90%-хлопок, 10%-лайкра<br/>KS10042<br/>Хаки";"Мужской кофта под горло (гольф)";470;"KS10042";" S, M, L, XL, XXXL";"Хаки";"<h1>Мужской кофта под горло (гольф)</h1><br/><b>Материал:</b> 90%-хлопок, 10%-лайкра<br/>";
"photo-13279251_308648197";"http://cs403730.vk.me/v403730826/9b69/lY3kfs0-OuQ.jpg";"Мужской кофта под горло (гольф)<br/>Цена: 470 грн.<br/>Размеры: S, M, L, XL, XXXL<br/>Материал: 90%-хлопок, 10%-лайкра<br/>KS10042<br/>Хаки";"Мужской кофта под горло (гольф)";470;"KS10042";" S, M, L, XL, XXXL";"Хаки";"<h1>Мужской кофта под горло (гольф)</h1><br/><b>Материал:</b> 90%-хлопок, 10%-лайкра<br/>";
"photo-13279251_308648201";"http://cs403730.vk.me/v403730826/9b72/3cPpEEHIUiI.jpg";"Мужской кофта под горло (гольф)<br/>Цена: 470 грн.<br/>Размеры: S, M, L, XL, XXXL<br/>Материал: 90%-хлопок, 10%-лайкра<br/>KS10042<br/>Хаки";"Мужской кофта под горло (гольф)";470;"KS10042";" S, M, L, XL, XXXL";"Хаки";"<h1>Мужской кофта под горло (гольф)</h1><br/><b>Материал:</b> 90%-хлопок, 10%-лайкра<br/>";
"photo-13279251_309165771";"http://cs417817.vk.me/v417817826/a126/og02CnH2zws.jpg";"Мужской классический кардиган<br/>Цена: 599 грн<br/>Размеры: S, M, L, XL, XXL<br/>Материал: хлопок<br/>KS10043<br/>Черный";"Мужской классический кардиган";599;"KS10043";" S, M, L, XL, XXL";"Черный";"<h1>Мужской классический кардиган</h1><br/><b>Материал:</b> хлопок<br/>";
"photo-13279251_309165759";"http://cs417817.vk.me/v417817826/a0ee/xZAanND9slw.jpg";"Мужской классический кардиган<br/>Цена: 599 грн<br/>Размеры: S, M, L, XL, XXL<br/>Материал: хлопок<br/>KS10043<br/>Черный";"Мужской классический кардиган";599;"KS10043";" S, M, L, XL, XXL";"Черный";"<h1>Мужской классический кардиган</h1><br/><b>Материал:</b> хлопок<br/>";
"photo-13279251_309165761";"http://cs417817.vk.me/v417817826/a0f6/2i07mpW3Sqw.jpg";"Мужской классический кардиган<br/>Цена: 599 грн<br/>Размеры: S, M, L, XL, XXL<br/>Материал: хлопок<br/>KS10043<br/>Серый";"Мужской классический кардиган";599;"KS10043";" S, M, L, XL, XXL";"Серый";"<h1>Мужской классический кардиган</h1><br/><b>Материал:</b> хлопок<br/>";
"photo-13279251_309165774";"http://cs417817.vk.me/v417817826/a12e/s7BHNqJnfQc.jpg";"Мужской классический кардиган<br/>Цена: 599 грн<br/>Размеры: S, M, L, XL, XXL<br/>Материал: хлопок<br/>KS10043<br/>Серый";"Мужской классический кардиган";599;"KS10043";" S, M, L, XL, XXL";"Серый";"<h1>Мужской классический кардиган</h1><br/><b>Материал:</b> хлопок<br/>";
"photo-13279251_309165764";"http://cs417817.vk.me/v417817826/a106/tSGonBTcfjg.jpg";"Мужской классический кардиган<br/>Цена: 599 грн<br/>Размеры: S, M, L, XL, XXL<br/>Материал: хлопок<br/>KS10043<br/>Коричневый";"Мужской классический кардиган";599;"KS10043";" S, M, L, XL, XXL";"Коричневый";"<h1>Мужской классический кардиган</h1><br/><b>Материал:</b> хлопок<br/>";
"photo-13279251_309165763";"http://cs417817.vk.me/v417817826/a0fe/WmxLmMvjKfo.jpg";"Мужской классический кардиган<br/>Цена: 599 грн<br/>Размеры: S, M, L, XL, XXL<br/>Материал: хлопок<br/>KS10043<br/>Синий";"Мужской классический кардиган";599;"KS10043";" S, M, L, XL, XXL";"Синий";"<h1>Мужской классический кардиган</h1><br/><b>Материал:</b> хлопок<br/>";
"photo-13279251_309165777";"http://cs417817.vk.me/v417817826/a136/GpaeS7ljtog.jpg";"Мужской классический кардиган<br/>Цена: 599 грн<br/>Размеры: S, M, L, XL, XXL<br/>Материал: хлопок<br/>KS10043<br/>Синий";"Мужской классический кардиган";599;"KS10043";" S, M, L, XL, XXL";"Синий";"<h1>Мужской классический кардиган</h1><br/><b>Материал:</b> хлопок<br/>";
"photo-13279251_309165766";"http://cs417817.vk.me/v417817826/a116/nUOHVHnm6ps.jpg";"Мужской классический кардиган<br/>Цена: 599 грн<br/>Размеры: S, M, L, XL, XXL<br/>Материал: хлопок<br/>KS10043<br/>Голубой";"Мужской классический кардиган";599;"KS10043";" S, M, L, XL, XXL";"Голубой";"<h1>Мужской классический кардиган</h1><br/><b>Материал:</b> хлопок<br/>";
"photo-13279251_309165765";"http://cs417817.vk.me/v417817826/a10e/np_whPftqno.jpg";"Мужской классический кардиган<br/>Цена: 599 грн<br/>Размеры: S, M, L, XL, XXL<br/>Материал: хлопок<br/>KS10043<br/>Красный";"Мужской классический кардиган";599;"KS10043";" S, M, L, XL, XXL";"Красный";"<h1>Мужской классический кардиган</h1><br/><b>Материал:</b> хлопок<br/>";
"photo-13279251_309165768";"http://cs417817.vk.me/v417817826/a11e/fEv6T8PE4pM.jpg";"Мужской классический кардиган<br/>Цена: 599 грн<br/>Размеры: S, M, L, XL, XXL<br/>Материал: хлопок<br/>KS10043<br/>Желтый";"Мужской классический кардиган";599;"KS10043";" S, M, L, XL, XXL";"Желтый";"<h1>Мужской классический кардиган</h1><br/><b>Материал:</b> хлопок<br/>";
"photo-13279251_310501546";"http://cs424517.vk.me/v424517826/28fc/K7kuTCUxboI.jpg";"Мужской свитер двухцветный<br/>Цена: 640 грн<br/>Размеры: S, M, L<br/>Материал: хлопок<br/>KS10045<br/>Серый";"Мужской свитер двухцветный";640;"KS10045";" S, M, L";"Серый";"<h1>Мужской свитер двухцветный</h1><br/><b>Материал:</b> хлопок<br/>";
"photo-13279251_310501548";"http://cs424517.vk.me/v424517826/2904/A4STkNTOinU.jpg";"Мужской свитер двухцветный<br/>Цена: 640 грн<br/>Размеры: S, M, L<br/>Материал: хлопок<br/>KS10045<br/>Серый";"Мужской свитер двухцветный";640;"KS10045";" S, M, L";"Серый";"<h1>Мужской свитер двухцветный</h1><br/><b>Материал:</b> хлопок<br/>";
"photo-13279251_310501554";"http://cs424517.vk.me/v424517826/290c/L9vDxluCI6I.jpg";"Мужской свитер двухцветный<br/>Цена: 640 грн<br/>Размеры: S, M, L<br/>Материал: хлопок<br/>KS10045<br/>Серый";"Мужской свитер двухцветный";640;"KS10045";" S, M, L";"Серый";"<h1>Мужской свитер двухцветный</h1><br/><b>Материал:</b> хлопок<br/>";
"photo-13279251_310501560";"http://cs424517.vk.me/v424517826/2914/HTKUmHjUbkM.jpg";"Мужской свитер двухцветный<br/>Цена: 640 грн<br/>Размеры: S, M, L<br/>Материал: хлопок<br/>KS10045<br/>Красный";"Мужской свитер двухцветный";640;"KS10045";" S, M, L";"Красный";"<h1>Мужской свитер двухцветный</h1><br/><b>Материал:</b> хлопок<br/>";
"photo-13279251_310501566";"http://cs424517.vk.me/v424517826/291c/dp6KcfkTbD4.jpg";"Мужской свитер двухцветный<br/>Цена: 640 грн<br/>Размеры: S, M, L<br/>Материал: хлопок<br/>KS10045<br/>Красный";"Мужской свитер двухцветный";640;"KS10045";" S, M, L";"Красный";"<h1>Мужской свитер двухцветный</h1><br/><b>Материал:</b> хлопок<br/>";
"photo-13279251_310501571";"http://cs424517.vk.me/v424517826/2924/RkrjnpHl4Rk.jpg";"Мужской свитер двухцветный<br/>Цена: 640 грн<br/>Размеры: S, M, L<br/>Материал: хлопок<br/>KS10045<br/>Красный";"Мужской свитер двухцветный";640;"KS10045";" S, M, L";"Красный";"<h1>Мужской свитер двухцветный</h1><br/><b>Материал:</b> хлопок<br/>";
"photo-13279251_310501573";"http://cs424517.vk.me/v424517826/292c/QuNZZiKLSAg.jpg";"Мужской свитер двухцветный<br/>Цена: 640 грн<br/>Размеры: S, M, L<br/>Материал: хлопок<br/>KS10045<br/>Синий";"Мужской свитер двухцветный";640;"KS10045";" S, M, L";"Синий";"<h1>Мужской свитер двухцветный</h1><br/><b>Материал:</b> хлопок<br/>";
"photo-13279251_310501579";"http://cs424517.vk.me/v424517826/2934/BJ4ISHds3JU.jpg";"Мужской свитер двухцветный<br/>Цена: 640 грн<br/>Размеры: S, M, L<br/>Материал: хлопок<br/>KS10045<br/>Синий";"Мужской свитер двухцветный";640;"KS10045";" S, M, L";"Синий";"<h1>Мужской свитер двухцветный</h1><br/><b>Материал:</b> хлопок<br/>";
"photo-13279251_310501581";"http://cs424517.vk.me/v424517826/293c/nvhBZN-MV9s.jpg";"Мужской свитер двухцветный<br/>Цена: 640 грн<br/>Размеры: S, M, L<br/>Материал: хлопок<br/>KS10045<br/>Синий";"Мужской свитер двухцветный";640;"KS10045";" S, M, L";"Синий";"<h1>Мужской свитер двухцветный</h1><br/><b>Материал:</b> хлопок<br/>";
"photo-13279251_315893104";"http://cs419430.vk.me/v419430826/93d2/i5yDq9TnPio.jpg";"Теплый свитер на меху с капюшоном <br/>Цена: 1055 грн<br/>Размеры: S, M, L<br/>Материал: шерсть, мех: искс.<br/>KS10052<br/>Черный";"Теплый свитер на меху с капюшоном ";1055;"KS10052";" S, M, L";"Черный";"<h1>Теплый свитер на меху с капюшоном </h1><br/><b>Материал:</b> шерсть, мех: искс.<br/>";
"photo-13279251_315893133";"http://cs419430.vk.me/v419430826/9405/co_MBGd382k.jpg";"Теплый свитер на меху с капюшоном <br/>Цена: 1055 грн<br/>Размеры: S, M, L<br/>Материал: шерсть, мех: искс.<br/>KS10052<br/>Синий";"Теплый свитер на меху с капюшоном ";1055;"KS10052";" S, M, L";"Синий";"<h1>Теплый свитер на меху с капюшоном </h1><br/><b>Материал:</b> шерсть, мех: искс.<br/>";
"photo-13279251_315893108";"http://cs419430.vk.me/v419430826/93db/QumUyReQvdE.jpg";"Теплый свитер на меху с капюшоном <br/>Цена: 1055 грн<br/>Размеры: S, M, L<br/>Материал: шерсть, мех: искс.<br/>KS10052<br/>Темно серый";"Теплый свитер на меху с капюшоном ";1055;"KS10052";" S, M, L";"Темно серый";"<h1>Теплый свитер на меху с капюшоном </h1><br/><b>Материал:</b> шерсть, мех: искс.<br/>";
"photo-13279251_315893112";"http://cs419430.vk.me/v419430826/93e4/91QssmdsjVI.jpg";"Теплый свитер на меху с капюшоном <br/>Цена: 1055 грн<br/>Размеры: S, M, L<br/>Материал: шерсть, мех: искс.<br/>KS10052<br/>Серый";"Теплый свитер на меху с капюшоном ";1055;"KS10052";" S, M, L";"Серый";"<h1>Теплый свитер на меху с капюшоном </h1><br/><b>Материал:</b> шерсть, мех: искс.<br/>";
"photo-13279251_315893123";"http://cs419430.vk.me/v419430826/93f4/lSZ7LvjqCtE.jpg";"Теплый свитер на меху с капюшоном <br/>Цена: 1055 грн<br/>Размеры: S, M, L<br/>Материал: шерсть, мех: искс.<br/>KS10052<br/>Серый";"Теплый свитер на меху с капюшоном ";1055;"KS10052";" S, M, L";"Серый";"<h1>Теплый свитер на меху с капюшоном </h1><br/><b>Материал:</b> шерсть, мех: искс.<br/>";
"photo-13279251_315893115";"http://cs419430.vk.me/v419430826/93ec/xV_Pbo_CHW0.jpg";"Теплый свитер на меху с капюшоном <br/>Цена: 1055 грн<br/>Размеры: S, M, L<br/>Материал: шерсть, мех: искс.<br/>KS10052<br/>Серый";"Теплый свитер на меху с капюшоном ";1055;"KS10052";" S, M, L";"Серый";"<h1>Теплый свитер на меху с капюшоном </h1><br/><b>Материал:</b> шерсть, мех: искс.<br/>";
"photo-13279251_315893130";"http://cs419430.vk.me/v419430826/93fd/z3Y6H-nsZDg.jpg";"Теплый свитер на меху с капюшоном <br/>Цена: 1055 грн<br/>Размеры: S, M, L<br/>Материал: шерсть, мех: искс.<br/>KS10052<br/>Серый";"Теплый свитер на меху с капюшоном ";1055;"KS10052";" S, M, L";"Серый";"<h1>Теплый свитер на меху с капюшоном </h1><br/><b>Материал:</b> шерсть, мех: искс.<br/>";
"photo-13279251_381960997";"http://cs540103.vk.me/c540101/v540101826/553de/fiHF9KKRpks.jpg";"Мужской свитер с оленями<br/>Цена: 790 грн.<br/>Размеры: S, M, L, XL<br/>Материал: хлопок<br/>KS10053<br/>Черный";"Мужской свитер с оленями";790;"KS10053";" S, M, L, XL";"Черный";"<h1>Мужской свитер с оленями</h1><br/><b>Материал:</b> хлопок<br/>";
"photo-13279251_322819717";"http://cs617428.vk.me/v617428826/3098/Cmln3TV8hkM.jpg";"Мужской свитер с оленями<br/>Цена: 790 грн.<br/>Размеры: S, M, L, XL<br/>Материал: хлопок<br/>KS10053<br/>Синий";"Мужской свитер с оленями";790;"KS10053";" S, M, L, XL";"Синий";"<h1>Мужской свитер с оленями</h1><br/><b>Материал:</b> хлопок<br/>";
"photo-13279251_322819725";"http://cs617428.vk.me/v617428826/30a1/QtO7WjyXfsY.jpg";"Мужской свитер с оленями<br/>Цена: 790 грн.<br/>Размеры: S, M, L, XL<br/>Материал: хлопок<br/>KS10053<br/>Серый";"Мужской свитер с оленями";790;"KS10053";" S, M, L, XL";"Серый";"<h1>Мужской свитер с оленями</h1><br/><b>Материал:</b> хлопок<br/>";
"photo-13279251_322819734";"http://cs617428.vk.me/v617428826/30aa/Gwz51NGSCMw.jpg";"Мужской свитер с оленями<br/>Цена: 790 грн.<br/>Размеры: S, M, L, XL<br/>Материал: хлопок<br/>KS10053<br/>Белый";"Мужской свитер с оленями";790;"KS10053";" S, M, L, XL";"Белый";"<h1>Мужской свитер с оленями</h1><br/><b>Материал:</b> хлопок<br/>";
"photo-13279251_381961382";"http://cs540103.vk.me/c540101/v540101826/5540f/Ml_IhEAquLU.jpg";"Мужской теплый свитер двухцветный<br/>Цена: 930 грн.<br/>Размеры: S, M, L, XL<br/>Материал: шерсть, хлопок<br/>KS10054";"Мужской теплый свитер двухцветный";930;"KS10054";" S, M, L, XL";;"<h1>Мужской теплый свитер двухцветный</h1><br/><b>Материал:</b> шерсть, хлопок<br/>";"Missing colour;"
"photo-13279251_381961378";"http://cs540103.vk.me/c540101/v540101826/553f7/_-P3krEF9bA.jpg";"Мужской теплый свитер двухцветный<br/>Цена: 930 грн.<br/>Размеры: S, M, L, XL<br/>Материал: шерсть, хлопок<br/>KS10054<br/>Черный";"Мужской теплый свитер двухцветный";930;"KS10054";" S, M, L, XL";"Черный";"<h1>Мужской теплый свитер двухцветный</h1><br/><b>Материал:</b> шерсть, хлопок<br/>";
"photo-13279251_381961376";"http://cs540103.vk.me/c540101/v540101826/553ef/i2sSDZ46bno.jpg";"Мужской теплый свитер двухцветный<br/>Цена: 930 грн.<br/>Размеры: S, M, L, XL<br/>Материал: шерсть, хлопок<br/>KS10054<br/>Бордовый";"Мужской теплый свитер двухцветный";930;"KS10054";" S, M, L, XL";"Бордовый";"<h1>Мужской теплый свитер двухцветный</h1><br/><b>Материал:</b> шерсть, хлопок<br/>";
"photo-13279251_381961380";"http://cs540103.vk.me/c540101/v540101826/55407/U28W6mhEmuQ.jpg";"Мужской теплый свитер двухцветный<br/>Цена: 930 грн.<br/>Размеры: S, M, L, XL<br/>Материал: шерсть, хлопок<br/>KS10054<br/>Синий";"Мужской теплый свитер двухцветный";930;"KS10054";" S, M, L, XL";"Синий";"<h1>Мужской теплый свитер двухцветный</h1><br/><b>Материал:</b> шерсть, хлопок<br/>";
"photo-13279251_381961379";"http://cs540103.vk.me/c540101/v540101826/553ff/MA3i8sg9uWM.jpg";"Мужской теплый свитер двухцветный<br/>Цена: 930 грн.<br/>Размеры: S, M, L, XL<br/>Материал: шерсть, хлопок<br/>KS10054<br/>Синий";"Мужской теплый свитер двухцветный";930;"KS10054";" S, M, L, XL";"Синий";"<h1>Мужской теплый свитер двухцветный</h1><br/><b>Материал:</b> шерсть, хлопок<br/>";
"photo-13279251_381961374";"http://cs540103.vk.me/c540101/v540101826/553e7/RW0iaPsb_rE.jpg";"Мужской теплый свитер двухцветный<br/>Цена: 930 грн.<br/>Размеры: S, M, L, XL<br/>Материал: шерсть, хлопок<br/>KS10054<br/>Синий";"Мужской теплый свитер двухцветный";930;"KS10054";" S, M, L, XL";"Синий";"<h1>Мужской теплый свитер двухцветный</h1><br/><b>Материал:</b> шерсть, хлопок<br/>";
"photo-13279251_381961512";"http://cs540103.vk.me/c540101/v540101826/5543f/9c1uhEDujd8.jpg";"Мужской теплый свитер трехцветный<br/>Цена: 670 грн.<br/>Размеры: S, M, L, XL<br/>Материал: шерсть, хлопок<br/>KS10055";"Мужской теплый свитер трехцветный";670;"KS10055";" S, M, L, XL";;"<h1>Мужской теплый свитер трехцветный</h1><br/><b>Материал:</b> шерсть, хлопок<br/>";"Missing colour;"
"photo-13279251_381961507";"http://cs540103.vk.me/c540101/v540101826/5541f/UF4LTMABwGI.jpg";"Мужской теплый свитер трехцветный<br/>Цена: 670 грн.<br/>Размеры: S, M, L, XL<br/>Материал: шерсть, хлопок<br/>KS10055<br/>Синий";"Мужской теплый свитер трехцветный";670;"KS10055";" S, M, L, XL";"Синий";"<h1>Мужской теплый свитер трехцветный</h1><br/><b>Материал:</b> шерсть, хлопок<br/>";
"photo-13279251_381961509";"http://cs540103.vk.me/c540101/v540101826/55427/dVXSUcfZnlA.jpg";"Мужской теплый свитер трехцветный<br/>Цена: 670 грн.<br/>Размеры: S, M, L, XL<br/>Материал: шерсть, хлопок<br/>KS10055<br/>Оранжевый";"Мужской теплый свитер трехцветный";670;"KS10055";" S, M, L, XL";"Оранжевый";"<h1>Мужской теплый свитер трехцветный</h1><br/><b>Материал:</b> шерсть, хлопок<br/>";
"photo-13279251_381961510";"http://cs540103.vk.me/c540101/v540101826/5542f/TK1GyioCW6M.jpg";"Мужской теплый свитер трехцветный<br/>Цена: 670 грн.<br/>Размеры: S, M, L, XL<br/>Материал: шерсть, хлопок<br/>KS10055<br/>Зеленый";"Мужской теплый свитер трехцветный";670;"KS10055";" S, M, L, XL";"Зеленый";"<h1>Мужской теплый свитер трехцветный</h1><br/><b>Материал:</b> шерсть, хлопок<br/>";
"photo-13279251_381961515";"http://cs540103.vk.me/c540101/v540101826/5544f/UPAc1xs5Q1A.jpg";"Мужской теплый свитер трехцветный<br/>Цена: 670 грн.<br/>Размеры: S, M, L, XL<br/>Материал: шерсть, хлопок<br/>KS10055<br/>Красный";"Мужской теплый свитер трехцветный";670;"KS10055";" S, M, L, XL";"Красный";"<h1>Мужской теплый свитер трехцветный</h1><br/><b>Материал:</b> шерсть, хлопок<br/>";
"photo-13279251_381961506";"http://cs540103.vk.me/c540101/v540101826/55417/M-k77Z5uAyM.jpg";"Мужской теплый свитер трехцветный<br/>Цена: 670 грн.<br/>Размеры: S, M, L, XL<br/>Материал: шерсть, хлопок<br/>KS10055<br/>Красный";"Мужской теплый свитер трехцветный";670;"KS10055";" S, M, L, XL";"Красный";"<h1>Мужской теплый свитер трехцветный</h1><br/><b>Материал:</b> шерсть, хлопок<br/>";
"photo-13279251_381961513";"http://cs540103.vk.me/c540101/v540101826/55447/wfTY0bYo4GA.jpg";"Мужской теплый свитер трехцветный<br/>Цена: 670 грн.<br/>Размеры: S, M, L, XL<br/>Материал: шерсть, хлопок<br/>KS10055<br/>Красный";"Мужской теплый свитер трехцветный";670;"KS10055";" S, M, L, XL";"Красный";"<h1>Мужской теплый свитер трехцветный</h1><br/><b>Материал:</b> шерсть, хлопок<br/>";
"photo-13279251_381961511";"http://cs540103.vk.me/c540101/v540101826/55437/Q8aGO-7354c.jpg";"Мужской теплый свитер трехцветный<br/>Цена: 670 грн.<br/>Размеры: S, M, L, XL<br/>Материал: шерсть, хлопок<br/>KS10055<br/>Красный";"Мужской теплый свитер трехцветный";670;"KS10055";" S, M, L, XL";"Красный";"<h1>Мужской теплый свитер трехцветный</h1><br/><b>Материал:</b> шерсть, хлопок<br/>";
"photo-13279251_381961619";"http://cs540103.vk.me/c540101/v540101826/5547b/D1lfiHZpSlA.jpg";"Мужской кофта с полоской<br/>Цена: 650 грн.<br/>Размеры: S, M, L, XL<br/>Материал: хлопок<br/>KS10056<br/>Синий";"Мужской кофта с полоской";650;"KS10056";" S, M, L, XL";"Синий";"<h1>Мужской кофта с полоской</h1><br/><b>Материал:</b> хлопок<br/>";
"photo-13279251_381961614";"http://cs540103.vk.me/c540101/v540101826/55457/3Y2NI0FyTuA.jpg";"Мужской кофта с полоской<br/>Цена: 650 грн.<br/>Размеры: S, M, L, XL<br/>Материал: хлопок<br/>KS10056<br/>Синий";"Мужской кофта с полоской";650;"KS10056";" S, M, L, XL";"Синий";"<h1>Мужской кофта с полоской</h1><br/><b>Материал:</b> хлопок<br/>";
"photo-13279251_381961618";"http://cs540103.vk.me/c540101/v540101826/55472/s7Q53vUFR40.jpg";"Мужской кофта с полоской<br/>Цена: 650 грн.<br/>Размеры: S, M, L, XL<br/>Материал: хлопок<br/>KS10056<br/>Синий";"Мужской кофта с полоской";650;"KS10056";" S, M, L, XL";"Синий";"<h1>Мужской кофта с полоской</h1><br/><b>Материал:</b> хлопок<br/>";
"photo-13279251_381961620";"http://cs540103.vk.me/c540101/v540101826/55483/3aMSWLKc8Jw.jpg";"Мужской кофта с полоской<br/>Цена: 650 грн.<br/>Размеры: S, M, L, XL<br/>Материал: хлопок<br/>KS10056<br/>Синий";"Мужской кофта с полоской";650;"KS10056";" S, M, L, XL";"Синий";"<h1>Мужской кофта с полоской</h1><br/><b>Материал:</b> хлопок<br/>";
"photo-13279251_381961615";"http://cs540103.vk.me/c540101/v540101826/55460/6_EszRPlQJQ.jpg";"Мужской кофта с полоской<br/>Цена: 650 грн.<br/>Размеры: S, M, L, XL<br/>Материал: хлопок<br/>KS10056<br/>Белый";"Мужской кофта с полоской";650;"KS10056";" S, M, L, XL";"Белый";"<h1>Мужской кофта с полоской</h1><br/><b>Материал:</b> хлопок<br/>";
"photo-13279251_381961617";"http://cs540103.vk.me/c540101/v540101826/55469/8IlFcqHBoew.jpg";"Мужской кофта с полоской<br/>Цена: 650 грн.<br/>Размеры: S, M, L, XL<br/>Материал: хлопок<br/>KS10056<br/>Белый";"Мужской кофта с полоской";650;"KS10056";" S, M, L, XL";"Белый";"<h1>Мужской кофта с полоской</h1><br/><b>Материал:</b> хлопок<br/>";
"photo-13279251_381961720";"http://cs540103.vk.me/c540101/v540101826/554bb/jnhDq0U0q_U.jpg";"Дешевый мужской теплый свитер<br/>Цена: 535 грн.<br/>Размеры: S, M, L, XL<br/>Материал: хлопок, шерсть<br/>KS10057";"Дешевый мужской теплый свитер";535;"KS10057";" S, M, L, XL";;"<h1>Дешевый мужской теплый свитер</h1><br/><b>Материал:</b> хлопок, шерсть<br/>";"Missing colour;"
"photo-13279251_381961715";"http://cs540103.vk.me/c540101/v540101826/55493/IlL8GWeQQIw.jpg";"Дешевый мужской теплый свитер<br/>Цена: 535 грн.<br/>Размеры: S, M, L, XL<br/>Материал: хлопок, шерсть<br/>KS10057<br/>Коричневый";"Дешевый мужской теплый свитер";535;"KS10057";" S, M, L, XL";"Коричневый";"<h1>Дешевый мужской теплый свитер</h1><br/><b>Материал:</b> хлопок, шерсть<br/>";
"photo-13279251_381961714";"http://cs540103.vk.me/c540101/v540101826/5548b/ANSPWgKoTRU.jpg";"Дешевый мужской теплый свитер<br/>Цена: 535 грн.<br/>Размеры: S, M, L, XL<br/>Материал: хлопок, шерсть<br/>KS10057<br/>Коричневый";"Дешевый мужской теплый свитер";535;"KS10057";" S, M, L, XL";"Коричневый";"<h1>Дешевый мужской теплый свитер</h1><br/><b>Материал:</b> хлопок, шерсть<br/>";
"photo-13279251_381961719";"http://cs540103.vk.me/c540101/v540101826/554b3/x5zWx_cKP9w.jpg";"Дешевый мужской теплый свитер<br/>Цена: 535 грн.<br/>Размеры: S, M, L, XL<br/>Материал: хлопок, шерсть<br/>KS10057<br/>Коричневый";"Дешевый мужской теплый свитер";535;"KS10057";" S, M, L, XL";"Коричневый";"<h1>Дешевый мужской теплый свитер</h1><br/><b>Материал:</b> хлопок, шерсть<br/>";
"photo-13279251_381961718";"http://cs540103.vk.me/c540101/v540101826/554ab/SEgcEq4WmdY.jpg";"Дешевый мужской теплый свитер<br/>Цена: 535 грн.<br/>Размеры: S, M, L, XL<br/>Материал: хлопок, шерсть<br/>KS10057<br/>Серый";"Дешевый мужской теплый свитер";535;"KS10057";" S, M, L, XL";"Серый";"<h1>Дешевый мужской теплый свитер</h1><br/><b>Материал:</b> хлопок, шерсть<br/>";
"photo-13279251_381961717";"http://cs540103.vk.me/c540101/v540101826/554a3/dLpRbJ4JbwI.jpg";"Дешевый мужской теплый свитер<br/>Цена: 535 грн.<br/>Размеры: S, M, L, XL<br/>Материал: хлопок, шерсть<br/>KS10057<br/>Бежевый";"Дешевый мужской теплый свитер";535;"KS10057";" S, M, L, XL";"Бежевый";"<h1>Дешевый мужской теплый свитер</h1><br/><b>Материал:</b> хлопок, шерсть<br/>";
"photo-13279251_381961716";"http://cs540103.vk.me/c540101/v540101826/5549b/d52aHaevHhs.jpg";"Дешевый мужской теплый свитер<br/>Цена: 535 грн.<br/>Размеры: S, M, L, XL<br/>Материал: хлопок, шерсть<br/>KS10057<br/>Бордовый";"Дешевый мужской теплый свитер";535;"KS10057";" S, M, L, XL";"Бордовый";"<h1>Дешевый мужской теплый свитер</h1><br/><b>Материал:</b> хлопок, шерсть<br/>";
