1^'PW10001'^''^''^'Женская короткая куртка '^'<h1>Женская короткая куртка </h1><br/><b>Материал:</b> полиэстер; наполнитель синтепон<br/>'^680^'PW10001_5.jpg|PW10001_6.jpg|PW10001_7.jpg|PW10001_8.jpg|PW10001_9.jpg|PW10001_1.jpg|PW10001_2.jpg|PW10001_3.jpg|PW10001_4.jpg'^'Выберите цвет и размер'^'stockable'^'PW10001-v0[Красный#S[;PW10001-v1[Красный#M[;PW10001-v2[Красный#L[;PW10001-v3[Красный#XL[;PW10001-v4[Розовый#S[;PW10001-v5[Розовый#M[;PW10001-v6[Розовый#L[;PW10001-v7[Розовый#XL[;PW10001-v8[Черный#S[;PW10001-v9[Черный#M[;PW10001-v10[Черный#L[;PW10001-v11[Черный#XL['
1^'PW10001-v0'^'PW10001'^''^'Женская короткая куртка '^'<h1>Женская короткая куртка </h1><br/><b>Материал:</b> полиэстер; наполнитель синтепон<br/>'^0^'PW10001_5.jpg|PW10001_6.jpg'^''^'stockable'^''
1^'PW10001-v1'^'PW10001'^''^'Женская короткая куртка '^'<h1>Женская короткая куртка </h1><br/><b>Материал:</b> полиэстер; наполнитель синтепон<br/>'^0^'PW10001_5.jpg|PW10001_6.jpg'^''^'stockable'^''
1^'PW10001-v2'^'PW10001'^''^'Женская короткая куртка '^'<h1>Женская короткая куртка </h1><br/><b>Материал:</b> полиэстер; наполнитель синтепон<br/>'^0^'PW10001_5.jpg|PW10001_6.jpg'^''^'stockable'^''
1^'PW10001-v3'^'PW10001'^''^'Женская короткая куртка '^'<h1>Женская короткая куртка </h1><br/><b>Материал:</b> полиэстер; наполнитель синтепон<br/>'^0^'PW10001_5.jpg|PW10001_6.jpg'^''^'stockable'^''
1^'PW10001-v4'^'PW10001'^''^'Женская короткая куртка '^'<h1>Женская короткая куртка </h1><br/><b>Материал:</b> полиэстер; наполнитель синтепон<br/>'^0^'PW10001_7.jpg|PW10001_8.jpg|PW10001_9.jpg'^''^'stockable'^''
1^'PW10001-v5'^'PW10001'^''^'Женская короткая куртка '^'<h1>Женская короткая куртка </h1><br/><b>Материал:</b> полиэстер; наполнитель синтепон<br/>'^0^'PW10001_7.jpg|PW10001_8.jpg|PW10001_9.jpg'^''^'stockable'^''
1^'PW10001-v6'^'PW10001'^''^'Женская короткая куртка '^'<h1>Женская короткая куртка </h1><br/><b>Материал:</b> полиэстер; наполнитель синтепон<br/>'^0^'PW10001_7.jpg|PW10001_8.jpg|PW10001_9.jpg'^''^'stockable'^''
1^'PW10001-v7'^'PW10001'^''^'Женская короткая куртка '^'<h1>Женская короткая куртка </h1><br/><b>Материал:</b> полиэстер; наполнитель синтепон<br/>'^0^'PW10001_7.jpg|PW10001_8.jpg|PW10001_9.jpg'^''^'stockable'^''
1^'PW10001-v8'^'PW10001'^''^'Женская короткая куртка '^'<h1>Женская короткая куртка </h1><br/><b>Материал:</b> полиэстер; наполнитель синтепон<br/>'^0^'PW10001_1.jpg|PW10001_2.jpg|PW10001_3.jpg|PW10001_4.jpg'^''^'stockable'^''
1^'PW10001-v9'^'PW10001'^''^'Женская короткая куртка '^'<h1>Женская короткая куртка </h1><br/><b>Материал:</b> полиэстер; наполнитель синтепон<br/>'^0^'PW10001_1.jpg|PW10001_2.jpg|PW10001_3.jpg|PW10001_4.jpg'^''^'stockable'^''
1^'PW10001-v10'^'PW10001'^''^'Женская короткая куртка '^'<h1>Женская короткая куртка </h1><br/><b>Материал:</b> полиэстер; наполнитель синтепон<br/>'^0^'PW10001_1.jpg|PW10001_2.jpg|PW10001_3.jpg|PW10001_4.jpg'^''^'stockable'^''
1^'PW10001-v11'^'PW10001'^''^'Женская короткая куртка '^'<h1>Женская короткая куртка </h1><br/><b>Материал:</b> полиэстер; наполнитель синтепон<br/>'^0^'PW10001_1.jpg|PW10001_2.jpg|PW10001_3.jpg|PW10001_4.jpg'^''^'stockable'^''
1^'PW10001'^''^''^'Женская короткая куртка '^'<h1>Женская короткая куртка </h1><br/><b>Материал:</b> полиэстер; наполнитель синтепон<br/>'^''^''^'Таблица размеров'^'<p><a href="images/table-size/razmeri_obuvi_34-43.jpg" target="_blank" class="jcepopup">Таблица размеров</a></p>'^''
